-blacksheep|37171|Asobi Asobase|0|9|1|Low
-blacksheep|36456|Boku no Hero Academia 3rd Season|0|2|1|Low
-blacksheep|35756|Comic Girls|0|9|1|Low
-blacksheep|37141|Hataraku Saibou|0|3|1|Low
-blacksheep|36563|Megalo Box|0|8|1|Low
-blacksheep|34414|Nanbaka 2|0|3|1|Low
-blacksheep|36038|Net-juu no Susume|0|9|1|Low
-blacksheep|35760|Shingeki no Kyojin Season 3|0|9|1|Low
-blacksheep|30484|Steins;Gate 0|0|22|1|Low
-blacksheep|31646|3-gatsu no Lion|8|22|2|Low
-blacksheep|9776|A-Channel|6|12|2|Low
-blacksheep|12291|Acchi Kocchi (TV)|8|12|2|Low
-blacksheep|101|Air|5|13|2|Low
-blacksheep|17082|Aiura|8|12|2|Low
-blacksheep|12149|AKB0048|7|13|2|Low
-blacksheep|14941|AKB0048: Next Stage|7|13|2|Low
-blacksheep|16201|Aku no Hana|7|13|2|Low
-blacksheep|22147|Amagi Brilliant Park|7|13|2|Low
-blacksheep|15085|Amnesia|4|12|2|Low
-blacksheep|6547|Angel Beats!|9|13|2|Low
-blacksheep|10067|Angel Beats!: Another Epilogue|9|1|2|Low
-blacksheep|9989|Ano Hi Mita Hana no Namae wo Bokutachi wa Mada Shiranai.|10|11|2|Low
-blacksheep|15039|Ano Hi Mita Hana no Namae wo Bokutachi wa Mada Shiranai. Movie|8|1|2|Low
-blacksheep|11433|Ano Natsu de Matteru|9|12|2|Low
-blacksheep|11111|Another|7|12|2|Low
-blacksheep|11701|Another: The Other - Inga|6|1|2|Low
-blacksheep|9919|Ao no Exorcist|8|25|2|Low
-blacksheep|11266|Ao no Exorcist: Kuro no Iede|7|1|2|Low
-blacksheep|18893|Aoki Hagane no Arpeggio: Ars Nova|7|12|2|Low
-blacksheep|7647|Arakawa Under the Bridge|9|13|2|Low
-blacksheep|9074|Arakawa Under the Bridge x Bridge|9|13|2|Low
-blacksheep|16518|Arata Kangatari|6|12|2|Low
-blacksheep|12967|Arcana Famiglia|5|12|2|Low
-blacksheep|2251|Baccano!|9|13|2|Low
-blacksheep|3901|Baccano! Specials|9|3|2|Low
-blacksheep|6347|Baka to Test to Shoukanjuu|8|13|2|Low
-blacksheep|8516|Baka to Test to Shoukanjuu Ni!|7|13|2|Low
-blacksheep|5081|Bakemonogatari|9|15|2|Low
-blacksheep|7674|Bakuman.|10|25|2|Low
-blacksheep|10030|Bakuman. 2nd Season|10|25|2|Low
-blacksheep|12365|Bakuman. 3rd Season|9|25|2|Low
-blacksheep|34636|Ballroom e Youkoso|8|24|2|Low
-blacksheep|22789|Barakamon|9|12|2|Low
-blacksheep|32947|Battery|4|11|2|Low
-blacksheep|9120|Beelzebub: Hirotta Akachan wa Daimaou!?|7|1|2|Low
-blacksheep|10396|Ben-To|7|12|2|Low
-blacksheep|27727|Binan Koukou Chikyuu Boueibu LOVE!|7|12|2|Low
-blacksheep|13535|Binbougami ga!|8|13|2|Low
-blacksheep|9544|Biohazard: Damnation|8|1|2|Low
-blacksheep|889|Black Lagoon|8|12|2|Low
-blacksheep|4901|Black Lagoon: Roberta's Blood Trail|9|5|2|Low
-blacksheep|1519|Black Lagoon: The Second Barrage|8|12|2|Low
-blacksheep|7059|Black★Rock Shooter (OVA)|5|1|2|Low
-blacksheep|11633|Blood Lad|8|10|2|Low
-blacksheep|31043|Boku dake ga Inai Machi|8|12|2|Low
-blacksheep|31964|Boku no Hero Academia|9|13|2|Low
-blacksheep|33486|Boku no Hero Academia 2nd Season|8|25|2|Low
-blacksheep|10719|Boku wa Tomodachi ga Sukunai|7|12|2|Low
-blacksheep|14967|Boku wa Tomodachi ga Sukunai Next|7|12|2|Low
-blacksheep|1222|Bokura ga Ita|9|26|2|Low
-blacksheep|21405|Bokura wa Minna Kawai-sou|8|12|2|Low
-blacksheep|11241|Brave 10|7|12|2|Low
-blacksheep|14345|Btooom!|8|12|2|Low
-blacksheep|1689|Byousoku 5 Centimeter|7|3|2|Low
-blacksheep|10163|C: The Money of Soul and Possibility Control|7|11|2|Low
-blacksheep|5356|Canaan|6|13|2|Low
-blacksheep|10578|C³|5|12|2|Low
-blacksheep|28999|Charlotte|8|13|2|Low
-blacksheep|4975|ChäoS;HEAd|7|12|2|Low
-blacksheep|32483|Cheer Danshi!!|6|12|2|Low
-blacksheep|10800|Chihayafuru|10|25|2|Low
-blacksheep|14397|Chihayafuru 2|8|25|2|Low
-blacksheep|16169|Choboraunyopomi Gekijou Ai Mai Mii|2|13|2|Low
-blacksheep|13349|Chouyaku Hyakuninisshu: Uta Koi.|8|13|2|Low
-blacksheep|14741|Chuunibyou demo Koi ga Shitai!|8|12|2|Low
-blacksheep|2167|Clannad|9|23|2|Low
-blacksheep|4181|Clannad: After Story|9|24|2|Low
-blacksheep|6351|Clannad: After Story - Mou Hitotsu no Sekai, Kyou-hen|5|1|2|Low
-blacksheep|4059|Clannad: Mou Hitotsu no Sekai, Tomoyo-hen|5|1|2|Low
-blacksheep|1575|Code Geass: Hangyaku no Lelouch|9|25|2|Low
-blacksheep|12685|Code Geass: Hangyaku no Lelouch - Nunnally in Wonderland|6|1|2|Low
-blacksheep|2904|Code Geass: Hangyaku no Lelouch R2|9|25|2|Low
-blacksheep|11703|Code:Breaker|5|13|2|Low
-blacksheep|10801|Copihan|2|7|2|Low
-blacksheep|7048|Crush Gear Nitro|6|50|2|Low
-blacksheep|15109|Cuticle Tantei Inaba|7|12|2|Low
-blacksheep|16355|Dansai Bunri no Crime Edge|5|13|2|Low
-blacksheep|11843|Danshi Koukousei no Nichijou|8|12|2|Low
-blacksheep|12893|Danshi Koukousei no Nichijou Specials|7|6|2|Low
-blacksheep|8915|Dantalian no Shoka|7|12|2|Low
-blacksheep|6880|Deadman Wonderland|7|12|2|Low
-blacksheep|10418|Deadman Wonderland: Akai Knife Tsukai|8|1|2|Low
-blacksheep|1535|Death Note|8|37|2|Low
-blacksheep|28223|Death Parade|7|12|2|Low
-blacksheep|9379|Denpa Onna to Seishun Otoko|7|12|2|Low
-blacksheep|16512|Devil Survivor 2 The Animation|6|13|2|Low
-blacksheep|18689|Diamond no Ace|10|25|2|Low
-blacksheep|30230|Diamond no Ace: Second Season|10|51|2|Low
-blacksheep|1132|Digimon Frontier|6|50|2|Low
-blacksheep|874|Digimon Tamers|7|51|2|Low
-blacksheep|10155|Dog Days|7|13|2|Low
-blacksheep|11783|Dog Days'|7|13|2|Low
-blacksheep|6746|Durarara!!|9|24|2|Low
-blacksheep|8408|Durarara!! Specials|9|2|2|Low
-blacksheep|32901|Eromanga-sensei|7|12|2|Low
-blacksheep|10087|Fate/Zero|8|13|2|Low
-blacksheep|11741|Fate/Zero 2nd Season|9|12|2|Low
-blacksheep|9314|Fractale|4|11|2|Low
-blacksheep|32948|Fune wo Amu|8|11|2|Low
-blacksheep|4725|Ga-Rei: Zero|7|12|2|Low
-blacksheep|18229|Gatchaman Crowds|7|12|2|Low
-blacksheep|3012|Gekitou! Crush Gear Turbo|5|68|2|Low
-blacksheep|23289|Gekkan Shoujo Nozaki-kun|7|12|2|Low
-blacksheep|17651|Genei wo Kakeru Taiyou|5|13|2|Low
-blacksheep|16918|Gin no Saji|8|11|2|Low
-blacksheep|19363|Gin no Saji 2nd Season|8|11|2|Low
-blacksheep|918|Gintama|8|201|2|Low
-blacksheep|14131|Girls & Panzer|8|12|2|Low
-blacksheep|14811|GJ-bu|7|12|2|Low
-blacksheep|23079|Glasslip|5|13|2|Low
-blacksheep|8425|Gosick|8|24|2|Low
-blacksheep|10793|Guilty Crown|8|22|2|Low
-blacksheep|16|Hachimitsu to Clover|8|24|2|Low
-blacksheep|20583|Haikyuu!!|8|25|2|Low
-blacksheep|28891|Haikyuu!! Second Season|8|25|2|Low
-blacksheep|32935|Haikyuu!!: Karasuno Koukou VS Shiratorizawa Gakuen Koukou|8|10|2|Low
-blacksheep|11785|Haiyore! Nyaruko-san|7|12|2|Low
-blacksheep|15613|Hakkenden: Touhou Hakken Ibun|7|13|2|Low
-blacksheep|18055|Hakkenden: Touhou Hakken Ibun 2nd Season|7|13|2|Low
-blacksheep|20689|Hamatora The Animation|6|12|2|Low
-blacksheep|9289|Hanasaku Iroha|7|26|2|Low
-blacksheep|32648|Handa-kun|8|12|2|Low
-blacksheep|15809|Hataraku Maou-sama!|8|13|2|Low
-blacksheep|15225|Hentai Ouji to Warawanai Neko.|7|12|2|Low
-blacksheep|8630|Hidan no Aria|6|12|2|Low
-blacksheep|10604|Hidan no Aria Special|7|1|2|Low
-blacksheep|8074|Highschool of the Dead|7|12|2|Low
-blacksheep|9515|Highschool of the Dead: Drifters of the Dead|3|1|2|Low
-blacksheep|8768|Hiyokoi|8|1|2|Low
-blacksheep|10079|Hoshizora e Kakaru Hashi|6|12|2|Low
-blacksheep|10408|Hotarubi no Mori e|9|1|2|Low
-blacksheep|8426|Hourou Musuko|8|11|2|Low
-blacksheep|11061|Hunter x Hunter (2011)|9|148|2|Low
-blacksheep|12189|Hyouka|9|22|2|Low
-blacksheep|9938|Ikoku Meiro no Croisée The Animation|6|12|2|Low
-blacksheep|20457|Inari, Konkon, Koi Iroha.|8|10|2|Low
-blacksheep|11013|Inu x Boku SS|8|12|2|Low
-blacksheep|13403|Inu x Boku SS Special|8|1|2|Low
-blacksheep|9041|IS: Infinite Stratos|6|12|2|Low
-blacksheep|21327|Isshuukan Friends.|7|12|2|Low
-blacksheep|14765|Ixion Saga DT|7|25|2|Low
-blacksheep|10357|Jinrui wa Suitai Shimashita|7|12|2|Low
-blacksheep|31405|Joker Game|6|12|2|Low
-blacksheep|12413|Jormungand|7|12|2|Low
-blacksheep|13331|Jormungand: Perfect Order|7|12|2|Low
-blacksheep|12679|Joshiraku|6|13|2|Low
-blacksheep|15591|Joshiraku OVA|8|1|2|Low
-blacksheep|14467|K|6|13|2|Low
-blacksheep|5680|K-On!|6|13|2|Low
-blacksheep|7791|K-On!!|7|26|2|Low
-blacksheep|7054|Kaichou wa Maid-sama!|10|26|2|Low
-blacksheep|9366|Kaichou wa Maid-sama!: Omake dayo!|9|1|2|Low
-blacksheep|16668|Kakumeiki Valvrave|4|12|2|Low
-blacksheep|8525|Kami nomi zo Shiru Sekai|8|12|2|Low
-blacksheep|10080|Kami nomi zo Shiru Sekai II|7|12|2|Low
-blacksheep|9675|Kami nomi zo Shiru Sekai: Flag 0|7|1|2|Low
-blacksheep|15117|Kami nomi zo Shiru Sekai: Tenri-hen|7|2|2|Low
-blacksheep|10372|Kamisama Dolls|7|13|2|Low
-blacksheep|14713|Kamisama Hajimemashita|7|13|2|Low
-blacksheep|10568|Kamisama no Memochou|6|12|2|Low
-blacksheep|3958|Kannagi|6|13|2|Low
-blacksheep|5978|Kannagi: Moshimo Kannagi ga Attara...|6|1|2|Low
-blacksheep|1530|Kanon (2006)|9|24|2|Low
-blacksheep|35860|Karakai Jouzu no Takagi-san|8|12|2|Low
-blacksheep|16035|Karneval|7|13|2|Low
-blacksheep|34825|Keppeki Danshi! Aoyama-kun|6|12|2|Low
-blacksheep|6045|Kimi ni Todoke|10|25|2|Low
-blacksheep|9656|Kimi ni Todoke 2nd Season|7|12|2|Low
-blacksheep|10536|Kimi ni Todoke 2nd Season Specials|6|3|2|Low
-blacksheep|10152|Kimi ni Todoke 2nd Season: Kataomoi|6|1|2|Low
-blacksheep|10460|Kimi to Boku.|9|13|2|Low
-blacksheep|11739|Kimi to Boku. 2|8|13|2|Low
-blacksheep|33206|Kobayashi-san Chi no Maid Dragon|8|13|2|Low
-blacksheep|12175|Koi to Senkyo to Chocolate|6|12|2|Low
-blacksheep|34934|Koi to Uso|5|12|2|Low
-blacksheep|11887|Kokoro Connect|8|13|2|Low
-blacksheep|35434|Konbini Kareshi|5|12|2|Low
-blacksheep|13367|Kono Naka ni Hitori, Imouto ga Iru!|5|12|2|Low
-blacksheep|8841|Kore wa Zombie Desu ka?|6|12|2|Low
-blacksheep|10790|Kore wa Zombie Desu ka? of the Dead|6|10|2|Low
-blacksheep|10209|Kore wa Zombie Desu ka? OVA|6|2|2|Low
-blacksheep|15379|Kotoura-san|8|12|2|Low
-blacksheep|24629|Koufuku Graffiti|6|12|2|Low
-blacksheep|11771|Kuroko no Basket|8|25|2|Low
-blacksheep|16894|Kuroko no Basket 2nd Season|7|25|2|Low
-blacksheep|24415|Kuroko no Basket 3rd Season|7|25|2|Low
-blacksheep|15487|Kuroko no Basket NG-shuu|7|9|2|Low
-blacksheep|16916|Kuroko no Basket: Tip Off|8|1|2|Low
-blacksheep|18153|Kyoukai no Kanata|8|12|2|Low
-blacksheep|10456|Kyoukaisenjou no Horizon|5|13|2|Low
-blacksheep|9834|Level E|7|13|2|Low
-blacksheep|13655|Little Busters!|7|26|2|Low
-blacksheep|15051|Love Live! School Idol Project|6|13|2|Low
-blacksheep|2034|Lovely★Complex|8|24|2|Low
-blacksheep|1887|Lucky☆Star|8|24|2|Low
-blacksheep|4472|Lucky☆Star: Original na Visual to Animation|8|1|2|Low
-blacksheep|14513|Magi: The Labyrinth of Magic|7|25|2|Low
-blacksheep|19769|Mahou Sensou|6|12|2|Low
-blacksheep|9756|Mahou Shoujo Madoka★Magica|8|12|2|Low
-blacksheep|36902|Mahou Shoujo Ore|6|12|2|Low
-blacksheep|16890|Makai Ouji: Devils and Realist|5|12|2|Low
-blacksheep|14045|Mangirl!|8|13|2|Low
-blacksheep|14833|Maoyuu Maou Yuusha|7|12|2|Low
-blacksheep|33487|Masamune-kun no Revenge|7|12|2|Low
-blacksheep|10397|Mashiro-iro Symphony: The Color of Lovers|7|12|2|Low
-blacksheep|10721|Mawaru Penguindrum|8|24|2|Low
-blacksheep|7590|Mayoi Neko Overrun!|6|13|2|Low
-blacksheep|19257|Meganebu!|7|12|2|Low
-blacksheep|20541|Mikakunin de Shinkoukei|8|12|2|Low
-blacksheep|10620|Mirai Nikki|8|26|2|Low
-blacksheep|8460|Mirai Nikki OVA|8|1|2|Low
-blacksheep|16762|Mirai Nikki: Redial|5|1|2|Low
-blacksheep|8424|MM!|6|12|2|Low
-blacksheep|32182|Mob Psycho 100|9|12|2|Low
-blacksheep|2581|Mobile Suit Gundam 00|6|25|2|Low
-blacksheep|93|Mobile Suit Gundam SEED|9|50|2|Low
-blacksheep|1215|Mobile Suit Gundam SEED C.E.73: Stargazer|4|3|2|Low
-blacksheep|94|Mobile Suit Gundam SEED Destiny|7|50|2|Low
-blacksheep|31251|Mobile Suit Gundam: Iron-Blooded Orphans|10|25|2|Low
-blacksheep|33051|Mobile Suit Gundam: Iron-Blooded Orphans 2nd Season|9|25|2|Low
-blacksheep|15315|Mondaiji-tachi ga Isekai kara Kuru Sou Desu yo?|8|10|2|Low
-blacksheep|323|Mousou Dairinin|7|13|2|Low
-blacksheep|30016|Nanbaka|6|13|2|Low
-blacksheep|12119|Natsu-iro Kiseki|8|12|2|Low
-blacksheep|15431|Natsu-iro Kiseki: 15-kaime no Natsuyasumi|7|1|2|Low
-blacksheep|4081|Natsume Yuujinchou|8|13|2|Low
-blacksheep|10379|Natsume Yuujinchou San|8|13|2|Low
-blacksheep|11665|Natsume Yuujinchou Shi|9|13|2|Low
-blacksheep|13585|Natsuyuki Rendezvous|7|11|2|Low
-blacksheep|15689|Nekomonogatari: Kuro|8|4|2|Low
-blacksheep|10165|Nichijou|8|26|2|Low
-blacksheep|8857|Nichijou: Nichijou no 0-wa|7|1|2|Low
-blacksheep|18897|Nisekoi|7|20|2|Low
-blacksheep|11597|Nisemonogatari|8|11|2|Low
-blacksheep|10161|No.6|6|11|2|Low
-blacksheep|11933|Oda Nobuna no Yabou|7|12|2|Low
-blacksheep|23673|Ookami Shoujo to Kuro Ouji|7|12|2|Low
-blacksheep|7769|Ookami-san to Shichinin no Nakama-tachi|7|12|2|Low
-blacksheep|32729|Orange|8|13|2|Low
-blacksheep|8769|Ore no Imouto ga Konnani Kawaii Wake ga Nai|8|12|2|Low
-blacksheep|10020|Ore no Imouto ga Konnani Kawaii Wake ga Nai Specials|6|4|2|Low
-blacksheep|13659|Ore no Imouto ga Konnani Kawaii Wake ga Nai.|8|13|2|Low
-blacksheep|14749|Ore no Kanojo to Osananajimi ga Shuraba Sugiru|7|13|2|Low
-blacksheep|19221|Ore no Nounai Sentakushi ga, Gakuen Love Comedy wo Zenryoku de Jama Shiteiru|7|10|2|Low
-blacksheep|9922|Oretachi ni Tsubasa wa Nai: Under the Innocent Sky.|5|12|2|Low
-blacksheep|853|Ouran Koukou Host Club|10|26|2|Low
-blacksheep|12677|Ozma|5|6|2|Low
-blacksheep|10588|Persona 4 the Animation|8|25|2|Low
-blacksheep|9981|Phi Brain: Kami no Puzzle|5|25|2|Low
-blacksheep|20159|Pokemon: The Origin|7|4|2|Low
-blacksheep|13601|Psycho-Pass|8|22|2|Low
-blacksheep|23281|Psycho-Pass 2|7|11|2|Low
-blacksheep|21339|Psycho-Pass Movie|8|1|2|Low
-blacksheep|19315|Pupa|2|12|2|Low
-blacksheep|14921|RDG: Red Data Girl|7|12|2|Low
-blacksheep|34561|Re:Creators|7|22|2|Low
-blacksheep|13599|Robotics;Notes|6|22|2|Low
-blacksheep|10156|Sacred Seven|6|12|2|Low
-blacksheep|15775|Saint☆Oniisan|7|2|2|Low
-blacksheep|15771|Saint☆Oniisan (Movie)|7|1|2|Low
-blacksheep|12531|Sakamichi no Apollon|10|12|2|Low
-blacksheep|32542|Sakamoto desu ga?|6|12|2|Low
-blacksheep|19365|Samurai Flamenco|7|22|2|Low
-blacksheep|11499|Sankarea|7|12|2|Low
-blacksheep|14515|Sasami-san@Ganbaranai|4|12|2|Low
-blacksheep|2605|Sayonara Zetsubou Sensei|6|12|2|Low
-blacksheep|2476|School Days|5|12|2|Low
-blacksheep|3759|School Days: Valentine Days|6|1|2|Low
-blacksheep|6974|Seikimatsu Occult Gakuin|8|13|2|Low
-blacksheep|8675|Seitokai Yakuindomo|7|13|2|Low
-blacksheep|9926|Sekaiichi Hatsukoi|6|12|2|None
-blacksheep|11123|Sekaiichi Hatsukoi 2|8|12|2|Low
-blacksheep|15751|Senyuu.|7|13|2|Low
-blacksheep|18523|Senyuu. 2|8|13|2|Low
-blacksheep|18119|Servant x Service|8|13|2|Low
-blacksheep|7724|Shiki|9|22|2|Low
-blacksheep|16498|Shingeki no Kyojin|9|25|2|Low
-blacksheep|25777|Shingeki no Kyojin Season 2|8|12|2|Low
-blacksheep|19285|Shingeki no Kyojin: Ano Hi Kara|7|1|2|Low
-blacksheep|7662|Shinrei Tantei Yakumo|8|13|2|Low
-blacksheep|2596|Shinreigari: Ghost Hound|7|22|2|Low
-blacksheep|8557|Shinryaku! Ika Musume|7|12|2|Low
-blacksheep|10378|Shinryaku!? Ika Musume|6|12|2|Low
-blacksheep|25835|Shirobako|10|24|2|Low
-blacksheep|9863|SKET Dance|7|77|2|Low
-blacksheep|16395|SKET Dance: Imouto no Nayami ni Nayamu Ani ni Nayamu Imouto to Sono Nakama-tachi|6|1|2|Low
-blacksheep|1965|Sola|6|13|2|Low
-blacksheep|3470|Special A|7|24|2|Low
-blacksheep|8934|Star Driver: Kagayaki no Takuto|8|25|2|Low
-blacksheep|9253|Steins;Gate|10|22|2|Low
-blacksheep|32188|Steins;Gate: Kyoukaimenjou no Missing Link - Divide By Zero|8|1|2|Low
-blacksheep|10863|Steins;Gate: Oukoubakko no Poriomania|10|1|2|Low
-blacksheep|28621|Subete ga F ni Naru: The Perfect Insider|7|11|2|Low
-blacksheep|16524|Suisei no Gargantia|8|13|2|Low
-blacksheep|19211|Suisei no Gargantia Specials|8|2|2|Low
-blacksheep|14289|Sukitte Ii na yo.|7|13|2|Low
-blacksheep|16868|Sukitte Ii na yo.: Dareka ga|8|1|2|Low
-blacksheep|19841|Super Seisyun Brothers|7|14|2|Low
-blacksheep|849|Suzumiya Haruhi no Yuuutsu|7|14|2|Low
-blacksheep|3574|Switch|8|2|2|Low
-blacksheep|11757|Sword Art Online|7|25|2|Low
-blacksheep|16417|Tamako Market|7|12|2|Low
-blacksheep|9055|Tamayura|7|4|2|Low
-blacksheep|10232|Tamayura: Hitotose|7|12|2|Low
-blacksheep|15731|Tamayura: More Aggressive|8|12|2|Low
-blacksheep|13333|Tari Tari|6|13|2|Low
-blacksheep|12445|Tasogare Otome x Amnesia|8|12|2|Low
-blacksheep|10702|Tekken: Blood Vengeance|7|1|2|Low
-blacksheep|9941|Tiger & Bunny|8|25|2|Low
-blacksheep|19117|Toaru Hikuushi e no Koiuta|6|13|2|Low
-blacksheep|6213|Toaru Kagaku no Railgun|8|24|2|Low
-blacksheep|16049|Toaru Kagaku no Railgun S|8|24|2|Low
-blacksheep|4654|Toaru Majutsu no Index|6|24|2|Low
-blacksheep|2236|Toki wo Kakeru Shoujo|9|1|2|Low
-blacksheep|22319|Tokyo Ghoul|7|12|2|Low
-blacksheep|27899|Tokyo Ghoul √A|7|12|2|Low
-blacksheep|14227|Tonari no Kaibutsu-kun|8|13|2|Low
-blacksheep|18139|Tonari no Seki-kun|7|21|2|Low
-blacksheep|4224|Toradora!|8|25|2|Low
-blacksheep|6127|Toradora!: SOS!|6|4|2|Low
-blacksheep|34902|Tsurezure Children|8|12|2|Low
-blacksheep|12883|Tsuritama|8|12|2|Low
-blacksheep|17909|Uchouten Kazoku|9|13|2|Low
-blacksheep|32673|Udon no Kuni no Kiniro Kemari|9|12|2|Low
-blacksheep|10798|UN-GO|8|11|2|Low
-blacksheep|10162|Usagi Drop|9|11|2|Low
-blacksheep|10321|Uta no☆Prince-sama♪ Maji Love 1000%|5|13|2|Low
-blacksheep|3457|Vampire Knight|7|13|2|Low
-blacksheep|4752|Vampire Knight: Guilty|7|13|2|Low
-blacksheep|15313|Wooser no Sono Higurashi|7|12|2|Low
-blacksheep|6956|Working!!|9|13|2|Low
-blacksheep|10521|Working'!!|9|13|2|Low
-blacksheep|35968|Wotaku ni Koi wa Muzukashii|10|11|2|Low
-blacksheep|14813|Yahari Ore no Seishun Love Comedy wa Machigatteiru.|8|13|2|Low
-blacksheep|28|Yakitate!! Japan|9|69|2|Low
-blacksheep|14355|Yama no Susume|7|12|2|Low
-blacksheep|19383|Yami Shibai|7|13|2|Low
-blacksheep|22537|Yami Shibai 2|6|13|2|Low
-blacksheep|8861|Yosuga no Sora: In Solitude, Where We Are Least Alone.|3|12|2|Low
-blacksheep|18497|Yozakura Quartet: Hana no Uta|7|13|2|Low
-blacksheep|550|Yu☆Gi☆Oh!|8|27|2|Low
-blacksheep|3972|Yu☆Gi☆Oh! 5D's|8|154|2|Low
-blacksheep|481|Yu☆Gi☆Oh! Duel Monsters|8|224|2|Low
-blacksheep|6951|Yu☆Gi☆Oh! Movie: Chou Yuugou! Toki wo Koeta Kizuna|7|1|2|Low
-blacksheep|10015|Yu☆Gi☆Oh! Zexal|5|73|2|Low
-blacksheep|9331|Yumekui Merry|6|13|2|Low
-blacksheep|32995|Yuri!!! on Ice|7|12|2|Low
-blacksheep|18677|Yuusha ni Narenakatta Ore wa Shibushibu Shuushoku wo Ketsui Shimashita.|5|12|2|Low
-blacksheep|23283|Zankyou no Terror|7|11|2|Low
-blacksheep|11837|Zetman|7|13|2|Low
-blacksheep|14075|Zetsuen no Tempest|9|24|2|Low
-blacksheep|764|Zoids Shinseiki/Zero|7|26|2|Low
-blacksheep|5300|Zoku Natsume Yuujinchou|8|13|2|Low
-blacksheep|2404|Zombie-Loan|7|11|2|Low
-blacksheep|9062|Angel Beats! Specials|8|1|3|Low
-blacksheep|21995|Ao Haru Ride|0|9|3|Low
-blacksheep|34543|Dive!!|0|5|3|Low
-blacksheep|6702|Fairy Tail|0|60|3|Low
-blacksheep|33203|Fukumenkei Noise|0|1|3|Low
-blacksheep|9969|Gintama'|0|12|3|Low
-blacksheep|19685|Kanojo ga Flag wo Oraretara|0|5|3|Low
-blacksheep|32438|Mayoiga|0|2|3|Low
-blacksheep|17074|Monogatari Series: Second Season|0|23|3|Low
-blacksheep|1210|NHK ni Youkoso!|0|3|3|Low
-blacksheep|19815|No Game No Life|0|5|3|Low
-blacksheep|25867|Rolling☆Girls|0|1|3|Low
-blacksheep|34494|Sakura Quest|0|14|3|Low
-blacksheep|23273|Shigatsu wa Kimi no Uso|0|6|3|Low
-blacksheep|13125|Shinsekai yori|0|3|3|Low
-blacksheep|23151|Shounen Hollywood: Holly Stage for 49|0|1|3|Low
-blacksheep|34076|Uchouten Kazoku 2|0|7|3|Low
-blacksheep|12431|Uchuu Kyoudai|0|74|3|Low
-blacksheep|18179|Yowamushi Pedal|0|15|3|Low
-blacksheep|482|Yu☆Gi☆Oh!: Duel Monsters GX|0|37|3|Low
-blacksheep|8676|Amagami SS|0|8|4|Low
-blacksheep|11697|Area no Kishi|0|8|4|Low
-blacksheep|34572|Black Clover|0|1|4|Low
-blacksheep|21677|Captain Earth|0|3|4|Low
-blacksheep|12549|Dakara Boku wa, H ga Dekinai.|0|4|4|Low
-blacksheep|476|Ginban Kaleidoscope|0|3|4|Low
-blacksheep|12461|Hiiro no Kakera|0|5|4|Low
-blacksheep|10191|Katte ni Kaizou|0|2|4|Low
-blacksheep|18195|Little Busters!: Refrain|0|11|4|Low
-blacksheep|34402|Love Kome: We Love Rice|0|4|4|Low
-blacksheep|10808|Mobile Suit Gundam AGE|0|8|4|Low
-blacksheep|17505|Mushibugyou|0|11|4|Low
-blacksheep|21177|Nobunaga the Fool|0|11|4|Low
-blacksheep|30806|Schwarzesmarken|0|5|4|Low
-blacksheep|10119|Seitokai Yakuindomo OVA|0|5|4|Low
-blacksheep|11751|Senki Zesshou Symphogear|0|3|4|Low
-blacksheep|7705|Starry☆Sky|0|12|4|Low
-blacksheep|15489|Yu☆Gi☆Oh! Zexal Second|0|21|4|Low
-blacksheep|6408|"""Bungaku Shoujo"" Movie"|0|0|6|Low
-blacksheep|11755|009 Re:Cyborg|0|0|6|Low
-blacksheep|5525|07-Ghost|0|0|6|Low
-blacksheep|32998|91 Days|0|0|6|Low
-blacksheep|33337|ACCA: 13-ku Kansatsu-ka|0|0|6|Low
-blacksheep|30123|Akagami no Shirayuki-hime|0|0|6|Low
-blacksheep|22729|Aldnoah.Zero|0|0|6|Low
-blacksheep|27655|Aldnoah.Zero 2nd Season|0|0|6|Low
-blacksheep|11737|Ao no Exorcist Movie|0|0|6|Low
-blacksheep|33506|Ao no Exorcist: Kyoto Fujouou-hen|0|0|6|Low
-blacksheep|14669|Aura: Maryuuin Kouga Saigo no Tatakai|0|0|6|Low
-blacksheep|9513|Beelzebub|0|0|6|Low
-blacksheep|31417|Binan Koukou Chikyuu Boueibu LOVE! LOVE!|0|0|6|Low
-blacksheep|1690|Bokurano|0|0|6|Low
-blacksheep|32023|Bubuki Buranki|0|0|6|Low
-blacksheep|31478|Bungou Stray Dogs|0|0|6|Low
-blacksheep|30485|ChäoS;Child|0|0|6|Low
-blacksheep|35315|ChäoS;Child: Silent Sky|0|0|6|Low
-blacksheep|34437|Code Geass: Fukkatsu no Lelouch|0|0|6|Low
-blacksheep|8142|Colorful (Movie)|0|0|6|Low
-blacksheep|9479|Coppelion|0|0|6|Low
-blacksheep|514|Cossette no Shouzou|0|0|6|Low
-blacksheep|5177|Denpa-teki na Kanojo|0|0|6|Low
-blacksheep|25341|Diamond no Ace OVA|0|0|6|Low
-blacksheep|25687|Digimon Adventure tri. 1: Saikai|0|0|6|Low
-blacksheep|16385|Dog Days''|0|0|6|Low
-blacksheep|31339|Drifters|0|0|6|Low
-blacksheep|23199|Durarara!!x2 Shou|0|0|6|Low
-blacksheep|237|Eureka Seven|0|0|6|Low
-blacksheep|12471|Eureka Seven AO|0|0|6|Low
-blacksheep|3167|Eve no Jikan|0|0|6|Low
-blacksheep|7465|Eve no Jikan (Movie)|0|0|6|Low
-blacksheep|9982|Fairy Tail OVA|0|0|6|Low
-blacksheep|18393|Fairy Tail x Rave|0|0|6|Low
-blacksheep|22297|Fate/stay night: Unlimited Blade Works|0|0|6|Low
-blacksheep|27821|Fate/stay night: Unlimited Blade Works - Prologue|0|0|6|Low
-blacksheep|28701|Fate/stay night: Unlimited Blade Works 2nd Season|0|0|6|Low
-blacksheep|227|FLCL|0|0|6|Low
-blacksheep|32979|Flip Flappers|0|0|6|Low
-blacksheep|13335|Fuse: Teppou Musume no Torimonochou|0|0|6|Low
-blacksheep|33731|Gabriel DropOut|0|0|6|Low
-blacksheep|25183|Gangsta.|0|0|6|Low
-blacksheep|240|Genshiken|0|0|6|Low
-blacksheep|43|Ghost in the Shell|0|0|6|Low
-blacksheep|467|Ghost in the Shell: Stand Alone Complex|0|0|6|Low
-blacksheep|15863|Ginga Kikoutai Majestic Prince|0|0|6|Low
-blacksheep|27631|God Eater|0|0|6|Low
-blacksheep|246|Groove Adventure Rave|0|0|6|Low
-blacksheep|23279|Gyakusatsu Kikan|0|0|6|Low
-blacksheep|10417|Gyo|0|0|6|Low
-blacksheep|31859|Hai to Gensou no Grimgar|0|0|6|Low
-blacksheep|15699|Haiyore! Nyaruko-san W|0|0|6|Low
-blacksheep|6895|Hakuouki|0|0|6|Low
-blacksheep|16528|Hal|0|0|6|Low
-blacksheep|21855|Hanamonogatari|0|0|6|Low
-blacksheep|14175|Hanasaku Iroha: Home Sweet Home|0|0|6|Low
-blacksheep|32981|Hand Shakers|0|0|6|Low
-blacksheep|20903|Harmonie|0|0|6|Low
-blacksheep|28211|Harmony|0|0|6|Low
-blacksheep|27989|Hibike! Euphonium|0|0|6|Low
-blacksheep|934|Higurashi no Naku Koro ni|0|0|6|Low
-blacksheep|1889|Higurashi no Naku Koro ni Kai|0|0|6|Low
-blacksheep|16700|Higurashi no Naku Koro ni Kaku: Outbreak|0|0|6|Low
-blacksheep|10491|Higurashi no Naku Koro ni Kira|0|0|6|Low
-blacksheep|3652|Higurashi no Naku Koro ni Rei|0|0|6|Low
-blacksheep|14753|Hori-san to Miyamura-kun|0|0|6|Low
-blacksheep|9760|Hoshi wo Ou Kodomo|0|0|6|Low
-blacksheep|13271|Hunter x Hunter Movie 1: Phantom Rouge|0|0|6|Low
-blacksheep|13469|Hyouka: Motsubeki Mono wa|0|0|6|Low
-blacksheep|6610|Ibara no Ou|0|0|6|Low
-blacksheep|10804|"Ikoku Meiro no Croisée The Animation: Ongakkai ""Récital"""|0|0|6|Low
-blacksheep|5781|Isekai no Seikishi Monogatari|0|0|6|Low
-blacksheep|36124|Itou Junji: Collection|0|0|6|Low
-blacksheep|9750|Itsuka Tenma no Kuro Usagi|0|0|6|Low
-blacksheep|1594|Jigoku Shoujo Futakomori|0|0|6|Low
-blacksheep|32491|Kanojo to Kanojo no Neko: Everything Flows|0|0|6|Low
-blacksheep|145|Kareshi Kanojo no Jijou|0|0|6|Low
-blacksheep|24439|Kekkai Sensen|0|0|6|Low
-blacksheep|33218|Kimi no Koe wo Todoketai|0|0|6|Low
-blacksheep|31798|Kiznaiver|0|0|6|Low
-blacksheep|9260|Kizumonogatari I: Tekketsu-hen|0|0|6|Low
-blacksheep|5678|Kobato.|0|0|6|Low
-blacksheep|634|Koi Kaze|0|0|6|Low
-blacksheep|16001|Kokoro Connect: Michi Random|0|0|6|Low
-blacksheep|28725|Kokoro ga Sakebitagatterunda.|0|0|6|Low
-blacksheep|16782|Kotonoha no Niwa|0|0|6|Low
-blacksheep|433|Kumo no Mukou, Yakusoku no Basho|0|0|6|Low
-blacksheep|3358|Kure-nai|0|0|6|Low
-blacksheep|5079|Kurokami The Animation|0|0|6|Low
-blacksheep|5039|Kurozuka|0|0|6|Low
-blacksheep|32949|Kuzu no Honkai|0|0|6|Low
-blacksheep|1810|Kyoushirou to Towa no Sora|0|0|6|Low
-blacksheep|10893|Kyousou Giga|0|0|6|Low
-blacksheep|15359|Kyousou Giga (2012)|0|0|6|Low
-blacksheep|19703|Kyousou Giga (TV)|0|0|6|Low
-blacksheep|3572|Macross F|0|0|6|Low
-blacksheep|34599|Made in Abyss|0|0|6|Low
-blacksheep|273|Mahoutsukai ni Taisetsu na Koto|0|0|6|Low
-blacksheep|8100|Mardock Scramble: The First Compression|0|0|6|Low
-blacksheep|10624|Mardock Scramble: The Second Combustion|0|0|6|Low
-blacksheep|12053|Mardock Scramble: The Third Exhaust|0|0|6|Low
-blacksheep|10110|Mayo Chiki!|0|0|6|Low
-blacksheep|2963|Minami-ke|0|0|6|Low
-blacksheep|17637|Miyakawa-ke no Kuufuku|0|0|6|Low
-blacksheep|3927|Mobile Suit Gundam 00 Second Season|0|0|6|Low
-blacksheep|84|Mobile Suit Gundam 0083: Stardust Memory|0|0|6|Low
-blacksheep|6336|Mobile Suit Gundam Unicorn|0|0|6|Low
-blacksheep|10937|Mobile Suit Gundam: The Origin|0|0|6|Low
-blacksheep|19|Monster|0|0|6|Low
-blacksheep|4879|Mouryou no Hako|0|0|6|Low
-blacksheep|3001|Moyashimon|0|0|6|Low
-blacksheep|593|Mugen no Ryvius|0|0|6|Low
-blacksheep|3655|Nabari no Ou|0|0|6|Low
-blacksheep|16067|Nagi no Asu kara|0|0|6|Low
-blacksheep|32983|Natsume Yuujinchou Go|0|0|6|Low
-blacksheep|12467|Nazo no Kanojo X|0|0|6|Low
-blacksheep|30|Neon Genesis Evangelion|0|0|6|Low
-blacksheep|14293|Nerawareta Gakuen|0|0|6|Low
-blacksheep|3467|Nogizaka Haruka no Himitsu|0|0|6|Low
-blacksheep|32962|Occultic;Nine|0|0|6|Low
-blacksheep|14199|Oniichan dakedo Ai sae Areba Kankeinai yo ne!|0|0|6|Low
-blacksheep|7079|Ookamikakushi|0|0|6|Low
-blacksheep|18857|Ore no Imouto ga Konnani Kawaii Wake ga Nai. Specials|0|0|6|Low
-blacksheep|5530|Pandora Hearts|0|0|6|Low
-blacksheep|5682|Phantom: Requiem for the Phantom|0|0|6|Low
-blacksheep|27775|Plastic Memories|0|0|6|Low
-blacksheep|31559|Prince of Stride: Alternative|0|0|6|Low
-blacksheep|6114|Rainbow: Nisha Rokubou no Shichinin|0|0|6|Low
-blacksheep|13391|Rakuen Tsuihou|0|0|6|Low
-blacksheep|30015|ReLIFE|0|0|6|Low
-blacksheep|2369|Rental Magica|0|0|6|Low
-blacksheep|64|Rozen Maiden|0|0|6|Low
-blacksheep|30187|Sakurako-san no Ashimoto ni wa Shitai ga Umatteiru|0|0|6|Low
-blacksheep|13759|Sakurasou no Pet na Kanojo|0|0|6|Low
-blacksheep|6203|Sasameki Koto|0|0|6|Low
-blacksheep|35851|Sayonara no Asa ni Yakusoku no Hana wo Kazarou|0|0|6|Low
-blacksheep|22663|Seiken Tsukai no World Break|0|0|6|Low
-blacksheep|20973|Sekai Seifuku: Bouryaku no Zvezda|0|0|6|Low
-blacksheep|6973|Senkou no Night Raid|0|0|6|Low
-blacksheep|339|Serial Experiments Lain|0|0|6|Low
-blacksheep|154|Shaman King|0|0|6|Low
-blacksheep|3420|Shigofumi|0|0|6|Low
-blacksheep|18397|Shingeki no Kyojin OVA|0|0|6|Low
-blacksheep|169|Shingetsutan Tsukihime|0|0|6|Low
-blacksheep|789|Shinigami no Ballad.|0|0|6|Low
-blacksheep|12815|Shirokuma Cafe|0|0|6|Low
-blacksheep|28625|Shisha no Teikoku|0|0|6|Low
-blacksheep|28171|Shokugeki no Souma|0|0|6|Low
-blacksheep|6098|Sora no Manimani|0|0|6|Low
-blacksheep|8726|Soredemo Machi wa Mawatteiru|0|0|6|Low
-blacksheep|1602|Soukou no Strain|0|0|6|Low
-blacksheep|75|Soukyuu no Fafner: Dead Aggressor|0|0|6|Low
-blacksheep|560|Soukyuu no Fafner: Right of Left - Single Program|0|0|6|Low
-blacksheep|3588|Soul Eater|0|0|6|Low
-blacksheep|12857|Star Driver the Movie|0|0|6|Low
-blacksheep|11577|Steins;Gate Movie: Fuka Ryouiki no Déjà vu|0|0|6|Low
-blacksheep|5681|Summer Wars|0|0|6|Low
-blacksheep|2965|Suteki Tantei Labyrinth|0|0|6|Low
-blacksheep|173|Tactics|0|0|6|Low
-blacksheep|30911|Tales of Zestiria the X|0|0|6|Low
-blacksheep|21647|Tamako Love Story|0|0|6|Low
-blacksheep|32093|Tanaka-kun wa Itsumo Kedaruge|0|0|6|Low
-blacksheep|6758|Tatakau Shisho: The Book of Bantorra|0|0|6|Low
-blacksheep|2001|Tengen Toppa Gurren Lagann|0|0|6|Low
-blacksheep|22687|Terra Formars|0|0|6|Low
-blacksheep|26|Texhnolyze|0|0|6|Low
-blacksheep|10278|The iDOLM@STER|0|0|6|Low
-blacksheep|916|Tokkou|0|0|6|Low
-blacksheep|6211|Tokyo Magnitude 8.0|0|0|6|Low
-blacksheep|16866|Tonari no Kaibutsu-kun: Tonari no Gokudou-kun|0|0|6|Low
-blacksheep|3859|Top Secret: The Revelation|0|0|6|Low
-blacksheep|4896|Umineko no Naku Koro ni|0|0|6|Low
-blacksheep|7568|Umineko no Naku Koro ni Specials|0|0|6|Low
-blacksheep|14283|Vividred Operation|0|0|6|Low
-blacksheep|32899|Watashi ga Motete Dousunda|0|0|6|Low
-blacksheep|4415|World Destruction: Sekai Bokumetsu no Rokunin|0|0|6|Low
-blacksheep|861|xxxHOLiC|0|0|6|Low
-blacksheep|3091|xxxHOLiC Kei|0|0|6|Low
-blacksheep|23847|Yahari Ore no Seishun Love Comedy wa Machigatteiru. Zoku|0|0|6|Low
-blacksheep|7785|Yojouhan Shinwa Taikei|0|0|6|Low
-blacksheep|32615|Youjo Senki|0|0|6|Low
-blacksheep|4548|Yozakura Quartet|0|0|6|Low
