AeZo|269|Bleach|0|111|1|Low
AeZo|18671|Chuunibyou demo Koi ga Shitai! Ren|0|2|1|Low
AeZo|1|Cowboy Bebop|0|1|1|Low
AeZo|11843|Danshi Koukousei no Nichijou|0|2|1|Low
AeZo|1535|Death Note|0|27|1|Low
AeZo|29589|Denpa Kyoushi|0|12|1|Low
AeZo|31710|Divine Gate|0|2|1|Low
AeZo|2795|Dragonaut: The Resonance|0|2|1|Low
AeZo|6746|Durarara!!|0|1|1|Low
AeZo|6702|Fairy Tail|0|80|1|Low
AeZo|10793|Guilty Crown|0|3|1|Low
AeZo|257|Ikkitousen|0|1|1|Low
AeZo|30831|Kono Subarashii Sekai ni Shukufuku wo!|0|8|1|Low
AeZo|189|Love Hina|0|6|1|Low
AeZo|14527|Medaka Box Abnormal|0|0|1|Low
AeZo|31442|Musaigen no Phantom World|0|4|1|Low
AeZo|19221|Ore no Nounai Sentakushi ga, Gakuen Love Comedy wo Zenryoku de Jama Shiteiru|0|1|1|Low
AeZo|33091|Planetarian: Chiisana Hoshi no Yume|0|1|1|Low
AeZo|4581|Shikabane Hime: Aka|0|1|1|Low
AeZo|3455|To LOVE-Ru|0|2|1|Low
AeZo|16742|Watashi ga Motenai no wa Dou Kangaetemo Omaera ga Warui!|0|2|1|Low
AeZo|21639|Yu☆Gi☆Oh! Arc-V|0|6|1|Low
AeZo|10015|Yu☆Gi☆Oh! Zexal|0|8|1|Low
AeZo|9331|Yumekui Merry|0|2|1|Low
AeZo|50|Aa! Megami-sama! (TV)|8|24|2|Low
AeZo|880|Aa! Megami-sama!: Sorezore no Tsubasa|8|22|2|Low
AeZo|25397|Absolute Duo|8|12|2|Low
AeZo|53|Ai Yori Aoshi|7|24|2|Low
AeZo|101|Air|7|13|2|Low
AeZo|22199|Akame ga Kill!|7|24|2|Low
AeZo|8676|Amagami SS|0|25|2|Low
AeZo|11235|Amagami SS+ Plus|7|13|2|Low
AeZo|6547|Angel Beats!|10|13|2|Low
AeZo|11111|Another|8|12|2|Low
AeZo|9919|Ao no Exorcist|8|25|2|Low
AeZo|6166|Asobi ni Iku yo!|6|12|2|Low
AeZo|6347|Baka to Test to Shoukanjuu|6|13|2|Low
AeZo|30795|Bakuon!!|6|12|2|Low
AeZo|57|Beck|9|26|2|Low
AeZo|11633|Blood Lad|8|10|2|Low
AeZo|1050|Bobobo-bo Bo-bobo|7|76|2|Low
AeZo|10719|Boku wa Tomodachi ga Sukunai|8|12|2|Low
AeZo|14967|Boku wa Tomodachi ga Sukunai Next|9|12|2|Low
AeZo|14345|Btooom!|8|12|2|Low
AeZo|12293|Campione!: Matsurowanu Kamigami to Kamigoroshi no Maou|9|13|2|Low
AeZo|4975|ChäoS;HEAd|6|12|2|Low
AeZo|59|Chobits|8|26|2|Low
AeZo|14741|Chuunibyou demo Koi ga Shitai!|10|12|2|Low
AeZo|16934|Chuunibyou demo Koi ga Shitai!: Kirameki no... Slapstick Noel|9|1|2|Low
AeZo|2167|Clannad|9|23|2|Low
AeZo|4181|Clannad: After Story|10|24|2|Low
AeZo|6351|Clannad: After Story - Mou Hitotsu no Sekai, Kyou-hen|10|1|2|Low
AeZo|4059|Clannad: Mou Hitotsu no Sekai, Tomoyo-hen|10|1|2|Low
AeZo|32407|Clockwork Planet|7|12|2|Low
AeZo|1575|Code Geass: Hangyaku no Lelouch|10|25|2|Low
AeZo|2904|Code Geass: Hangyaku no Lelouch R2|10|25|2|Low
AeZo|20031|D-Frag!|8|12|2|Low
AeZo|31636|Dagashi Kashi|8|12|2|Low
AeZo|15583|Date A Live|8|12|2|Low
AeZo|19163|Date A Live II|8|10|2|Low
AeZo|17641|Date A Live: Date to Date|8|1|2|Low
AeZo|6880|Deadman Wonderland|9|12|2|Low
AeZo|10418|Deadman Wonderland: Akai Knife Tsukai|8|1|2|Low
AeZo|63|DearS|8|12|2|Low
AeZo|1817|DearS: Kin no Tama Desu no?|7|1|2|Low
AeZo|33988|Demi-chan wa Kataritai|8|12|2|Low
AeZo|31163|Dimension W|7|12|2|Low
AeZo|813|Dragon Ball Z|9|291|2|Low
AeZo|2924|ef: A Tale of Memories.|7|12|2|Low
AeZo|226|Elfen Lied|9|13|2|Low
AeZo|9367|Freezing|7|12|2|Low
AeZo|18001|Freezing Vibration|8|12|2|Low
AeZo|241|Girls Bravo: First Season|7|11|2|Low
AeZo|487|Girls Bravo: Second Season|7|13|2|Low
AeZo|13161|Hagure Yuusha no Aesthetica|8|12|2|Low
AeZo|15809|Hataraku Maou-sama!|8|13|2|Low
AeZo|8630|Hidan no Aria|8|12|2|Low
AeZo|5630|Higashi no Eden|7|11|2|Low
AeZo|6372|Higashi no Eden Movie I: The King of Eden|7|1|2|Low
AeZo|6637|Higashi no Eden Movie II: Paradise Lost|7|1|2|Low
AeZo|11617|High School DxD|8|12|2|Low
AeZo|24703|High School DxD BorN|8|12|2|Low
AeZo|15451|High School DxD New|8|12|2|Low
AeZo|8074|Highschool of the Dead|8|12|2|Low
AeZo|9515|Highschool of the Dead: Drifters of the Dead|8|1|2|Low
AeZo|934|Higurashi no Naku Koro ni|7|26|2|Low
AeZo|20853|Hitsugi no Chaika|8|12|2|Low
AeZo|7088|Ichiban Ushiro no Daimaou|8|12|2|Low
AeZo|8525|Kami nomi zo Shiru Sekai|7|12|2|Low
AeZo|10080|Kami nomi zo Shiru Sekai II|8|12|2|Low
AeZo|16706|Kami nomi zo Shiru Sekai: Megami-hen|9|12|2|Low
AeZo|14713|Kamisama Hajimemashita|0|7|2|Low
AeZo|1530|Kanon (2006)|8|24|2|Low
AeZo|469|Karin|8|24|2|Low
AeZo|1691|Kaze no Stigma|8|24|2|Low
AeZo|24439|Kekkai Sensen|8|12|2|Low
AeZo|18679|Kill la Kill|7|24|2|Low
AeZo|22535|Kiseijuu: Sei no Kakuritsu|8|24|2|Low
AeZo|8841|Kore wa Zombie Desu ka?|7|12|2|Low
AeZo|10790|Kore wa Zombie Desu ka? of the Dead|7|10|2|Low
AeZo|15437|Kore wa Zombie Desu ka? of the Dead: Hai, Minotake ni Attemasu|7|1|2|Low
AeZo|10209|Kore wa Zombie Desu ka? OVA|7|2|2|Low
AeZo|25283|Kuusen Madoushi Kouhosei no Kyoukan|6|12|2|Low
AeZo|193|Maburaho|7|24|2|Low
AeZo|9936|Maken-Ki!|8|12|2|Low
AeZo|11209|Maken-Ki! OVA|6|2|2|Low
AeZo|11761|Medaka Box|7|12|2|Low
AeZo|4087|Michiko to Hatchin|6|22|2|Low
AeZo|10620|Mirai Nikki|9|26|2|Low
AeZo|16762|Mirai Nikki: Redial|9|1|2|Low
AeZo|30307|Monster Musume no Iru Nichijou|9|12|2|Low
AeZo|31404|Netoge no Yome wa Onnanoko ja Nai to Omotta?|6|12|2|Low
AeZo|1210|NHK ni Youkoso!|8|24|2|Low
AeZo|20507|Noragami|8|12|2|Low
AeZo|30503|Noragami Aragoto|9|13|2|Low
AeZo|30276|One Punch Man|6|12|2|Low
AeZo|2966|Ookami to Koushinryou|8|13|2|Low
AeZo|5341|Ookami to Koushinryou II|8|12|2|Low
AeZo|6007|Ookami to Koushinryou II: Ookami to Kohakuiro no Yuuutsu|8|1|2|Low
AeZo|25099|"Ore ga Ojousama Gakkou ni ""Shomin Sample"" Toshite Gets♥Sareta Ken"|8|12|2|Low
AeZo|682|Otogi Story Tenshi no Shippo|6|12|2|Low
AeZo|683|Otogi Story Tenshi no Shippo Specials|6|2|2|Low
AeZo|10711|Plastic Neesan|5|12|2|Low
AeZo|32262|Renai Boukun|6|12|2|Low
AeZo|32951|Rokudenashi Majutsu Koushi to Akashic Records|6|12|2|Low
AeZo|2993|Rosario to Vampire|8|13|2|Low
AeZo|4214|Rosario to Vampire Capu2|8|13|2|Low
AeZo|205|Samurai Champloo|8|26|2|Low
AeZo|11499|Sankarea|8|12|2|Low
AeZo|22663|Seiken Tsukai no World Break|8|12|2|Low
AeZo|21033|Seikoku no Dragonar|7|12|2|Low
AeZo|33836|Seiren|3|12|2|Low
AeZo|4063|Sekirei|8|12|2|Low
AeZo|5277|Sekirei: Pure Engagement|8|13|2|Low
AeZo|9355|Sekirei: Pure Engagement Episode 0|8|1|2|Low
AeZo|2104|Seto no Hanayome|7|26|2|Low
AeZo|355|Shakugan no Shana|9|24|2|Low
AeZo|2787|Shakugan no Shana II (Second)|9|24|2|Low
AeZo|6773|Shakugan no Shana III (Final)|8|24|2|Low
AeZo|6572|Shakugan no Shana S|7|4|2|Low
AeZo|7724|Shiki|7|22|2|Low
AeZo|29786|Shimoneta to Iu Gainen ga Sonzai Shinai Taikutsu na Sekai|8|12|2|Low
AeZo|79|Shuffle!|8|24|2|Low
AeZo|5958|Sora no Otoshimono|7|13|2|Low
AeZo|8407|Sora no Otoshimono: Forte|8|12|2|Low
AeZo|9790|Sora no Otoshimono: Tokeijikake no Angeloid|8|1|2|Low
AeZo|20057|Space☆Dandy|9|13|2|Low
AeZo|23327|Space☆Dandy 2nd Season|9|13|2|Low
AeZo|849|Suzumiya Haruhi no Yuuutsu|8|14|2|Low
AeZo|4382|Suzumiya Haruhi no Yuuutsu (2009)|6|14|2|Low
AeZo|11757|Sword Art Online|9|25|2|Low
AeZo|21881|Sword Art Online II|7|24|2|Low
AeZo|4654|Toaru Majutsu no Index|8|24|2|Low
AeZo|8937|Toaru Majutsu no Index II|9|24|2|Low
AeZo|22319|Tokyo Ghoul|8|12|2|Low
AeZo|27899|Tokyo Ghoul √A|8|12|2|Low
AeZo|16011|Tokyo Ravens|9|24|2|Low
AeZo|4224|Toradora!|10|25|2|Low
AeZo|11553|Toradora!: Bentou no Gokui|9|1|2|Low
AeZo|25157|Trinity Seven|7|12|2|Low
AeZo|34019|Tsugumomo|7|12|2|Low
AeZo|1195|Zero no Tsukaima|6|13|2|Low
AeZo|11319|Zero no Tsukaima F|6|12|2|Low
AeZo|1840|Zero no Tsukaima: Futatsuki no Kishi|7|12|2|Low
AeZo|3712|Zero no Tsukaima: Princesses no Rondo|5|12|2|Low
AeZo|1546|Negima!?|0|4|3|Low
AeZo|48|.hack//Sign|0|1|6|Low
AeZo|24833|Ansatsu Kyoushitsu|0|0|6|Low
AeZo|28249|Arslan Senki (TV)|0|0|6|Low
AeZo|2251|Baccano!|0|0|6|Low
AeZo|20787|Black Bullet|0|0|6|Low
AeZo|889|Black Lagoon|0|0|6|Low
AeZo|150|Blood+|0|0|6|Low
AeZo|10490|Blood-C|0|0|6|Low
AeZo|58|Blue Gender|0|0|6|Low
AeZo|357|Bokusatsu Tenshi Dokuro-chan|0|0|6|Low
AeZo|568|Bubblegum Crisis Tokyo 2040|0|0|6|Low
AeZo|4186|Chrome Shelled Regios|0|0|6|Low
AeZo|1818|Claymore|0|0|6|Low
AeZo|61|D.N.Angel|0|0|6|Low
AeZo|6747|Dance in the Vampire Bund|0|2|6|Low
AeZo|16592|Danganronpa: Kibou no Gakuen to Zetsubou no Koukousei The Animation|0|0|6|Low
AeZo|2025|Darker than Black: Kuro no Keiyakusha|0|0|6|Low
AeZo|8086|Densetsu no Yuusha no Densetsu|0|0|6|Low
AeZo|4789|ef: A Tale of Melodies.|0|0|6|Low
AeZo|790|Ergo Proxy|0|0|6|Low
AeZo|356|Fate/stay night|0|0|6|Low
AeZo|10087|Fate/Zero|0|0|6|Low
AeZo|5114|Fullmetal Alchemist: Brotherhood|0|1|6|Low
AeZo|123|Fushigi Yuugi|0|0|6|Low
AeZo|25183|Gangsta.|0|0|6|Low
AeZo|384|Gantz|0|0|6|Low
AeZo|240|Genshiken|0|0|6|Low
AeZo|43|Ghost in the Shell|0|0|6|Low
AeZo|777|Hellsing Ultimate|0|0|6|Low
AeZo|2002|Heroic Age|0|0|6|Low
AeZo|24231|Hitsugi no Chaika: Avenging Battle|0|0|6|Low
AeZo|11013|Inu x Boku SS|0|0|6|Low
AeZo|249|InuYasha|0|0|6|Low
AeZo|6811|InuYasha: Kanketsu-hen|0|0|6|Low
AeZo|9041|IS: Infinite Stratos|0|0|6|Low
AeZo|12413|Jormungand|0|0|6|Low
AeZo|14467|K|0|0|6|Low
AeZo|16009|Kamisama no Inai Nichiyoubi|0|0|6|Low
AeZo|145|Kareshi Kanojo no Jijou|0|0|6|Low
AeZo|147|Kimi ga Nozomu Eien|0|0|6|Low
AeZo|11887|Kokoro Connect|0|0|6|Low
AeZo|250|Konjiki no Gash Bell!!|0|0|6|Low
AeZo|237|Koukyoushihen Eureka Seven|0|0|6|Low
AeZo|13655|Little Busters!|0|0|6|Low
AeZo|14513|Magi: The Labyrinth of Magic|0|0|6|Low
AeZo|576|Magikano|0|0|6|Low
AeZo|157|Mahou Sensei Negima!|0|0|6|Low
AeZo|19769|Mahou Sensou|0|0|6|Low
AeZo|9756|Mahou Shoujo Madoka★Magica|0|0|6|Low
AeZo|98|Mai-HiME|0|0|6|Low
AeZo|860|Makai Senki Disgaea|0|0|6|Low
AeZo|15565|Maken-Ki! Two|0|0|6|Low
AeZo|26351|Nagato Yuki-chan no Shoushitsu|0|0|6|Low
AeZo|23755|Nanatsu no Taizai|0|0|6|Low
AeZo|30|Neon Genesis Evangelion|0|0|6|Low
AeZo|23605|Ninja Slayer From Animation|0|0|6|Low
AeZo|6512|Nyan Koi!|0|0|6|Low
AeZo|26243|Owari no Seraph|0|0|6|Low
AeZo|5682|Phantom: Requiem for the Phantom|0|0|6|Low
AeZo|13601|Psycho-Pass|0|0|6|Low
AeZo|417|Ragnarök The Animation|0|0|6|Low
AeZo|24|School Rumble|0|0|6|Low
AeZo|5940|Seiken no Blacksmith|0|0|6|Low
AeZo|11763|Sekai de Ichiban Tsuyoku Naritai!|0|0|6|Low
AeZo|339|Serial Experiments Lain|0|0|6|Low
AeZo|16498|Shingeki no Kyojin|0|0|6|Low
AeZo|13125|Shinsekai yori|0|0|6|Low
AeZo|152|Solty Rei|0|0|6|Low
AeZo|3588|Soul Eater|0|0|6|Low
AeZo|25|Sunabouzu|0|0|6|Low
AeZo|390|Suzuka|0|0|6|Low
AeZo|539|Tenchi Muyou! Ryououki|0|0|6|Low
AeZo|2001|Tengen Toppa Gurren Lagann|0|0|6|Low
AeZo|174|Tenjou Tenge|0|0|6|Low
AeZo|6211|Tokyo Magnitude 8.0|0|0|6|Low
AeZo|26443|Triage X|0|0|6|Low
AeZo|177|Tsubasa Chronicle|0|0|6|Low
AeZo|935|Witchblade|0|0|6|Low
AeZo|202|Wolf's Rain|0|0|6|Low
