alanoreo59|918|Gintama|7|60|1|Low
alanoreo59|37991|JoJo no Kimyou na Bouken: Ougon no Kaze|0|9|1|Low
alanoreo59|37450|Seishun Buta Yarou wa Bunny Girl Senpai no Yume wo Minai|7|10|1|Low
alanoreo59|10278|The iDOLM@STER|7|15|1|Low
alanoreo59|392|Yuu☆Yuu☆Hakusho|8|23|1|Low
alanoreo59|34881|Aho Girl|7|12|2|Low
alanoreo59|22199|Akame ga Kill!|8|24|2|Low
alanoreo59|47|Akira|9|1|2|Low
alanoreo59|22147|Amagi Brilliant Park|8|13|2|Low
alanoreo59|6547|Angel Beats!|10|13|2|Low
alanoreo59|10067|Angel Beats!: Another Epilogue|9|1|2|Low
alanoreo59|9989|Ano Hi Mita Hana no Namae wo Bokutachi wa Mada Shiranai.|8|11|2|Low
alanoreo59|11433|Ano Natsu de Matteru|8|12|2|Low
alanoreo59|11111|Another|8|12|2|Low
alanoreo59|9919|Ao no Exorcist|8|25|2|Low
alanoreo59|66|Azumanga Daioh|8|26|2|Low
alanoreo59|6347|Baka to Test to Shoukanjuu|8|13|2|Low
alanoreo59|8516|Baka to Test to Shoukanjuu Ni!|8|13|2|Low
alanoreo59|5081|Bakemonogatari|9|15|2|Low
alanoreo59|10396|Ben-To|7|12|2|Low
alanoreo59|30782|Bikini Warriors|6|12|2|Low
alanoreo59|889|Black Lagoon|8|12|2|Low
alanoreo59|1519|Black Lagoon: The Second Barrage|8|12|2|Low
alanoreo59|7059|Black★Rock Shooter (OVA)|7|1|2|Low
alanoreo59|11285|Black★Rock Shooter (TV)|8|8|2|Low
alanoreo59|31964|Boku no Hero Academia|9|13|2|Low
alanoreo59|33486|Boku no Hero Academia 2nd Season|8|25|2|Low
alanoreo59|36456|Boku no Hero Academia 3rd Season|7|25|2|Low
alanoreo59|33929|Boku no Hero Academia: Sukue! Kyuujo Kunren!|7|1|2|Low
alanoreo59|35459|Boku no Hero Academia: Training of the Dead|7|1|2|Low
alanoreo59|10719|Boku wa Tomodachi ga Sukunai|8|12|2|Low
alanoreo59|14345|Btooom!|7|12|2|Low
alanoreo59|1347|Bubblegum Crisis|8|8|2|Low
alanoreo59|1689|Byousoku 5 Centimeter|10|3|2|Low
alanoreo59|14741|Chuunibyou demo Koi ga Shitai!|8|12|2|Low
alanoreo59|15687|Chuunibyou demo Koi ga Shitai! Lite|7|6|2|Low
alanoreo59|18671|Chuunibyou demo Koi ga Shitai! Ren|8|12|2|Low
alanoreo59|2167|Clannad|9|23|2|Low
alanoreo59|4181|Clannad: After Story|10|24|2|Low
alanoreo59|6351|Clannad: After Story - Mou Hitotsu no Sekai, Kyou-hen|8|1|2|Low
alanoreo59|4059|Clannad: Mou Hitotsu no Sekai, Tomoyo-hen|8|1|2|Low
alanoreo59|1|Cowboy Bebop|10|26|2|Low
alanoreo59|5|Cowboy Bebop: Tengoku no Tobira|8|1|2|Low
alanoreo59|31636|Dagashi Kashi|7|12|2|Low
alanoreo59|11843|Danshi Koukousei no Nichijou|8|12|2|Low
alanoreo59|35849|Darling in the FranXX|7|24|2|Low
alanoreo59|33988|Demi-chan wa Kataritai|8|12|2|Low
alanoreo59|35823|Demi-chan wa Kataritai: Demi-chan no Natsuyasumi|7|1|2|Low
alanoreo59|24031|Denki-gai no Honya-san|7|12|2|Low
alanoreo59|223|Dragon Ball|8|153|2|Low
alanoreo59|6033|Dragon Ball Kai|8|97|2|Low
alanoreo59|11359|Dragon Ball Kai: Mirai ni Heiwa wo! Goku no Tamashii yo Eien ni|7|1|2|Low
alanoreo59|28121|Dungeon ni Deai wo Motomeru no wa Machigatteiru Darou ka|6|13|2|Low
alanoreo59|6746|Durarara!!|10|24|2|Low
alanoreo59|8408|Durarara!! Specials|7|2|2|Low
alanoreo59|23199|Durarara!!x2 Shou|7|12|2|Low
alanoreo59|27831|Durarara!!x2 Ten|8|12|2|Low
alanoreo59|2924|ef: A Tale of Memories.|7|12|2|Low
alanoreo59|226|Elfen Lied|6|13|2|Low
alanoreo59|2759|Evangelion: 1.0 You Are (Not) Alone|9|1|2|Low
alanoreo59|3784|Evangelion: 2.0 You Can (Not) Advance|9|1|2|Low
alanoreo59|3785|Evangelion: 3.0 You Can (Not) Redo|7|1|2|Low
alanoreo59|356|Fate/stay night|7|24|2|Low
alanoreo59|227|FLCL|9|6|2|Low
alanoreo59|33010|FLCL Progressive|7|6|2|Low
alanoreo59|5114|Fullmetal Alchemist: Brotherhood|10|64|2|Low
alanoreo59|9135|Fullmetal Alchemist: The Sacred Star of Milos|7|1|2|Low
alanoreo59|24765|Gakkougurashi!|6|12|2|Low
alanoreo59|23289|Gekkan Shoujo Nozaki-kun|7|12|2|Low
alanoreo59|43|Ghost in the Shell|9|1|2|Low
alanoreo59|467|Ghost in the Shell: Stand Alone Complex|8|26|2|Low
alanoreo59|14131|Girls & Panzer|9|12|2|Low
alanoreo59|18617|Girls & Panzer Movie|9|1|2|Low
alanoreo59|15811|Girls & Panzer Specials|7|6|2|Low
alanoreo59|18343|Girls & Panzer: Fushou Akiyama Yukari no Sensha Kouza|8|6|2|Low
alanoreo59|16199|Girls & Panzer: Shoukai Shimasu!|7|2|2|Low
alanoreo59|14811|GJ-bu|8|12|2|Low
alanoreo59|21431|Gokukoku no Brynhildr|6|13|2|Low
alanoreo59|17895|Golden Time|10|24|2|Low
alanoreo59|650|Gunsmith Cats|9|3|2|Low
alanoreo59|34403|Hajimete no Gal|7|10|2|Low
alanoreo59|35983|Harukana Receive|8|12|2|Low
alanoreo59|15809|Hataraku Maou-sama!|8|13|2|Low
alanoreo59|37141|Hataraku Saibou|7|13|2|Low
alanoreo59|1852|Hidamari Sketch|7|12|2|Low
alanoreo59|5630|Higashi no Eden|8|11|2|Low
alanoreo59|6372|Higashi no Eden Movie I: The King of Eden|7|1|2|Low
alanoreo59|8074|Highschool of the Dead|9|12|2|Low
alanoreo59|9515|Highschool of the Dead: Drifters of the Dead|6|1|2|Low
alanoreo59|28825|Himouto! Umaru-chan|7|12|2|Low
alanoreo59|33948|Hinako Note|7|12|2|Low
alanoreo59|36296|Hinamatsuri|9|12|2|Low
alanoreo59|20853|Hitsugi no Chaika|8|12|2|Low
alanoreo59|578|Hotaru no Haka|7|1|2|Low
alanoreo59|431|Howl no Ugoku Shiro|9|1|2|Low
alanoreo59|11061|Hunter x Hunter (2011)|9|148|2|Low
alanoreo59|12189|Hyouka|10|22|2|Low
alanoreo59|13469|Hyouka: Motsubeki Mono wa|7|1|2|Low
alanoreo59|822|Initial D Extra Stage|7|2|2|Low
alanoreo59|185|Initial D First Stage|9|26|2|Low
alanoreo59|186|Initial D Second Stage|8|13|2|Low
alanoreo59|187|Initial D Third Stage|8|1|2|Low
alanoreo59|9041|IS: Infinite Stratos|7|12|2|Low
alanoreo59|10794|IS: Infinite Stratos Encore - Koi ni Kogareru Rokujuusou|6|1|2|Low
alanoreo59|570|Jin-Rou|7|1|2|Low
alanoreo59|14719|JoJo no Kimyou na Bouken (TV)|9|26|2|Low
alanoreo59|31933|JoJo no Kimyou na Bouken: Diamond wa Kudakenai|9|39|2|Low
alanoreo59|20899|JoJo no Kimyou na Bouken: Stardust Crusaders|8|24|2|Low
alanoreo59|26055|JoJo no Kimyou na Bouken: Stardust Crusaders 2nd Season|8|24|2|Low
alanoreo59|14467|K|7|13|2|Low
alanoreo59|5680|K-On!|9|13|2|Low
alanoreo59|9617|K-On! Movie|9|1|2|Low
alanoreo59|7791|K-On!!|9|26|2|Low
alanoreo59|6862|K-On!: Live House!|8|1|2|Low
alanoreo59|7054|Kaichou wa Maid-sama!|8|26|2|Low
alanoreo59|34933|Kakegurui|8|12|2|Low
alanoreo59|8525|Kami nomi zo Shiru Sekai|9|12|2|Low
alanoreo59|21511|Kantai Collection: KanColle|9|12|2|Low
alanoreo59|35860|Karakai Jouzu no Takagi-san|10|12|2|Low
alanoreo59|37621|Karakai Jouzu no Takagi-san OVA|7|1|2|Low
alanoreo59|7711|Karigurashi no Arrietty|9|1|2|Low
alanoreo59|16662|Kaze Tachinu|8|1|2|Low
alanoreo59|32686|Keijo!!!!!!!!|7|11|2|Low
alanoreo59|33089|Kemono Friends|7|12|2|Low
alanoreo59|18679|Kill la Kill|10|24|2|Low
alanoreo59|21659|Kill la Kill Specials|8|1|2|Low
alanoreo59|32281|Kimi no Na wa.|9|1|2|Low
alanoreo59|33206|Kobayashi-san Chi no Maid Dragon|8|13|2|Low
alanoreo59|35145|Kobayashi-san Chi no Maid Dragon Specials|7|7|2|Low
alanoreo59|35363|Kobayashi-san Chi no Maid Dragon: Valentine, Soshite Onsen! - Amari Kitai Shinaide Kudasai|7|1|2|Low
alanoreo59|28851|Koe no Katachi|8|1|2|Low
alanoreo59|30831|Kono Subarashii Sekai ni Shukufuku wo!|8|10|2|Low
alanoreo59|32937|Kono Subarashii Sekai ni Shukufuku wo! 2|8|10|2|Low
alanoreo59|8841|Kore wa Zombie Desu ka?|6|12|2|Low
alanoreo59|433|Kumo no Mukou, Yakusoku no Basho|8|1|2|Low
alanoreo59|416|Kurenai no Buta|8|1|2|Low
alanoreo59|18153|Kyoukai no Kanata|8|12|2|Low
alanoreo59|14349|Little Witch Academia|7|1|2|Low
alanoreo59|33489|Little Witch Academia (TV)|9|25|2|Low
alanoreo59|19489|Little Witch Academia: Mahoujikake no Parade|8|1|2|Low
alanoreo59|15051|Love Live! School Idol Project|9|13|2|Low
alanoreo59|19111|Love Live! School Idol Project 2nd Season|8|13|2|Low
alanoreo59|1887|Lucky☆Star|9|24|2|Low
alanoreo59|4472|Lucky☆Star: Original na Visual to Animation|8|1|2|Low
alanoreo59|1412|Lupin III|7|23|2|Low
alanoreo59|1430|Lupin III: Cagliostro no Shiro|9|1|2|Low
alanoreo59|14513|Magi: The Labyrinth of Magic|7|25|2|Low
alanoreo59|9756|Mahou Shoujo Madoka★Magica|10|12|2|Low
alanoreo59|11977|Mahou Shoujo Madoka★Magica Movie 1: Hajimari no Monogatari|9|1|2|Low
alanoreo59|11979|Mahou Shoujo Madoka★Magica Movie 2: Eien no Monogatari|9|1|2|Low
alanoreo59|11981|Mahou Shoujo Madoka★Magica Movie 3: Hangyaku no Monogatari|8|1|2|Low
alanoreo59|20785|Mahouka Koukou no Rettousei|8|26|2|Low
alanoreo59|512|Majo no Takkyuubin|8|1|2|Low
alanoreo59|9936|Maken-Ki!|6|12|2|Low
alanoreo59|10465|Manyuu Hikenchou|6|12|2|Low
alanoreo59|14833|Maoyuu Maou Yuusha|8|12|2|Low
alanoreo59|2963|Minami-ke|9|13|2|Low
alanoreo59|3225|Minami-ke Okawari|7|13|2|Low
alanoreo59|10620|Mirai Nikki|7|26|2|Low
alanoreo59|17074|Monogatari Series: Second Season|8|26|2|Low
alanoreo59|164|Mononoke Hime|10|1|2|Low
alanoreo59|30307|Monster Musume no Iru Nichijou|7|12|2|Low
alanoreo59|11021|Muv-Luv Alternative: Total Eclipse|7|24|2|Low
alanoreo59|16067|Nagi no Asu kara|7|26|2|Low
alanoreo59|20|Naruto|7|220|2|Low
alanoreo59|442|Naruto Movie 1: Dai Katsugeki!! Yuki Hime Shinobu Houjou Dattebayo!|8|1|2|Low
alanoreo59|2144|Naruto Movie 3: Dai Koufun! Mikazuki Jima no Animaru Panikku Dattebayo!|7|1|2|Low
alanoreo59|2472|Naruto: Shippuuden Movie 1|7|1|2|Low
alanoreo59|4437|Naruto: Shippuuden Movie 2 - Kizuna|6|1|2|Low
alanoreo59|6325|Naruto: Shippuuden Movie 3 - Hi no Ishi wo Tsugu Mono|7|1|2|Low
alanoreo59|30|Neon Genesis Evangelion|10|26|2|Low
alanoreo59|32|Neon Genesis Evangelion: The End of Evangelion|9|1|2|Low
alanoreo59|31404|Netoge no Yome wa Onnanoko ja Nai to Omotta?|7|12|2|Low
alanoreo59|31953|New Game!|7|12|2|Low
alanoreo59|34914|New Game!!|7|12|2|Low
alanoreo59|34277|New Game!: Watashi, Shain Ryokou tte Hajimete nano de...|7|1|2|Low
alanoreo59|1210|NHK ni Youkoso!|9|24|2|Low
alanoreo59|10165|Nichijou|10|26|2|Low
alanoreo59|18897|Nisekoi|8|20|2|Low
alanoreo59|27787|Nisekoi:|8|12|2|Low
alanoreo59|11597|Nisemonogatari|8|11|2|Low
alanoreo59|19815|No Game No Life|8|12|2|Low
alanoreo59|17549|Non Non Biyori|8|12|2|Low
alanoreo59|5957|Nyoro-n Churuya-san|7|13|2|Low
alanoreo59|30276|One Punch Man|8|12|2|Low
alanoreo59|2966|Ookami to Koushinryou|8|13|2|Low
alanoreo59|7769|Ookami-san to Shichinin no Nakama-tachi|6|12|2|Low
alanoreo59|8769|Ore no Imouto ga Konnani Kawaii Wake ga Nai|7|12|2|Low
alanoreo59|10020|Ore no Imouto ga Konnani Kawaii Wake ga Nai Specials|7|4|2|Low
alanoreo59|13659|Ore no Imouto ga Konnani Kawaii Wake ga Nai.|7|13|2|Low
alanoreo59|8795|Panty & Stocking with Garterbelt|8|13|2|Low
alanoreo59|35330|Poputepipikku|8|12|2|Low
alanoreo59|35240|Princess Principal|8|12|2|Low
alanoreo59|13601|Psycho-Pass|9|22|2|Low
alanoreo59|31240|Re:Zero kara Hajimeru Isekai Seikatsu|7|25|2|Low
alanoreo59|2993|Rosario to Vampire|7|13|2|Low
alanoreo59|4214|Rosario to Vampire Capu2|7|13|2|Low
alanoreo59|21561|Ryuugajou Nanana no Maizoukin|7|11|2|Low
alanoreo59|20709|Sabage-bu!|7|12|2|Low
alanoreo59|13759|Sakurasou no Pet na Kanojo|7|24|2|Low
alanoreo59|205|Samurai Champloo|9|26|2|Low
alanoreo59|24|School Rumble|6|26|2|Low
alanoreo59|517|School Rumble Ichi Gakki Hoshuu|5|2|2|Low
alanoreo59|846|School Rumble Ni Gakki|6|26|2|Low
alanoreo59|199|Sen to Chihiro no Kamikakushi|10|1|2|Low
alanoreo59|339|Serial Experiments Lain|9|13|2|Low
alanoreo59|37396|Shikioriori|7|1|2|Low
alanoreo59|29786|Shimoneta to Iu Gainen ga Sonzai Shinai Taikutsu na Sekai|7|12|2|Low
alanoreo59|16498|Shingeki no Kyojin|9|25|2|Low
alanoreo59|25777|Shingeki no Kyojin Season 2|10|12|2|Low
alanoreo59|35760|Shingeki no Kyojin Season 3|7|12|2|Low
alanoreo59|8557|Shinryaku! Ika Musume|8|12|2|Low
alanoreo59|6802|So Ra No Wo To|8|12|2|Low
alanoreo59|3588|Soul Eater|6|51|2|Low
alanoreo59|9253|Steins;Gate|9|24|2|Low
alanoreo59|32188|Steins;Gate: Kyoukaimenjou no Missing Link - Divide By Zero|7|1|2|Low
alanoreo59|17821|Stella Jogakuin Koutou-ka C³-bu|8|13|2|Low
alanoreo59|3667|Strike Witches|7|12|2|Low
alanoreo59|16524|Suisei no Gargantia|7|13|2|Low
alanoreo59|25|Sunabouzu|9|24|2|Low
alanoreo59|7311|Suzumiya Haruhi no Shoushitsu|10|1|2|Low
alanoreo59|849|Suzumiya Haruhi no Yuuutsu|9|14|2|Low
alanoreo59|4382|Suzumiya Haruhi no Yuuutsu (2009)|8|14|2|Low
alanoreo59|5118|Suzumiya Haruhi-chan no Yuuutsu|7|25|2|Low
alanoreo59|11757|Sword Art Online|4|25|2|Low
alanoreo59|7768|Tantei Opera Milky Holmes|8|12|2|Low
alanoreo59|13333|Tari Tari|7|13|2|Low
alanoreo59|2001|Tengen Toppa Gurren Lagann|8|27|2|Low
alanoreo59|6213|Toaru Kagaku no Railgun|8|24|2|Low
alanoreo59|4654|Toaru Majutsu no Index|7|24|2|Low
alanoreo59|523|Tonari no Totoro|9|1|2|Low
alanoreo59|4224|Toradora!|10|25|2|Low
alanoreo59|11553|Toradora!: Bentou no Gokui|9|1|2|Low
alanoreo59|28025|Tsukimonogatari|7|4|2|Low
alanoreo59|32681|Uchuu Patrol Luluco|7|13|2|Low
alanoreo59|12317|Upotte!!|8|10|2|Low
alanoreo59|14173|Upotte!! OVA|6|1|2|Low
alanoreo59|33352|Violet Evergarden|9|13|2|Low
alanoreo59|16742|Watashi ga Motenai no wa Dou Kangaetemo Omaera ga Warui!|9|12|2|Low
alanoreo59|6956|Working!!|8|13|2|Low
alanoreo59|32615|Youjo Senki|8|12|2|Low
alanoreo59|4548|Yozakura Quartet|7|12|2|Low
alanoreo59|10495|Yuru Yuri|7|12|2|Low
alanoreo59|12403|Yuru Yuri♪♪|7|12|2|Low
alanoreo59|15911|Yuyushiki|8|12|2|Low
alanoreo59|16157|Choujigen Game Neptune The Animation|7|6|3|Low
alanoreo59|966|Crayon Shin-chan|9|5|3|Low
alanoreo59|32740|Girls & Panzer Movie Specials|0|1|3|Low
alanoreo59|5060|Hetalia Axis Powers|8|34|3|Low
alanoreo59|34012|Isekai Shokudou|7|4|3|Low
alanoreo59|457|Mushishi|0|5|3|Low
alanoreo59|1293|Urusei Yatsura|0|2|3|Low
alanoreo59|11759|Accel World|5|11|4|Low
alanoreo59|6702|Fairy Tail|9|52|4|Low
alanoreo59|9776|A-Channel|0|0|6|Low
alanoreo59|15061|Aikatsu!|0|0|6|Low
alanoreo59|19429|Akuma no Riddle|0|0|6|Low
alanoreo59|32828|Amaama to Inazuma|0|0|6|Low
alanoreo59|8676|Amagami SS|0|0|6|Low
alanoreo59|31771|Amanchu!|0|0|6|Low
alanoreo59|9062|Angel Beats! Specials|8|1|6|Low
alanoreo59|24833|Ansatsu Kyoushitsu|0|0|6|Low
alanoreo59|3079|Aoki Ryuusei SPT Layzner|0|0|6|Low
alanoreo59|7647|Arakawa Under the Bridge|0|0|6|Low
alanoreo59|6166|Asobi ni Iku yo!|0|0|6|Low
alanoreo59|7817|B-gata H-kei|0|0|6|Low
alanoreo59|30795|Bakuon!!|0|0|6|Low
alanoreo59|34636|Ballroom e Youkoso|0|0|6|Low
alanoreo59|3625|Battle Royal High School|0|0|6|Low
alanoreo59|20543|Bayonetta: Bloody Fate|0|0|6|Low
alanoreo59|13535|Binbougami ga!|0|0|6|Low
alanoreo59|1269|Bio Hunter|0|0|6|Low
alanoreo59|20787|Black Bullet|0|0|6|Low
alanoreo59|1520|Black Jack|0|0|6|Low
alanoreo59|34618|Blend S|0|0|6|Low
alanoreo59|998|Blue Seed|0|0|6|Low
alanoreo59|38408|Boku no Hero Academia 4th Season|0|0|6|Low
alanoreo59|14967|Boku wa Tomodachi ga Sukunai Next|0|0|6|Low
alanoreo59|21405|Bokura wa Minna Kawai-sou|0|0|6|Low
alanoreo59|11241|Brave 10|0|0|6|Low
alanoreo59|17677|Buki yo Saraba|0|0|6|Low
alanoreo59|458|Buttobi!! CPU|0|0|6|Low
alanoreo59|5356|Canaan|0|0|6|Low
alanoreo59|4535|Candy Boy: Nonchalant Talk of the Certain Twin Sisters in Daily Life|0|0|6|Low
alanoreo59|34525|Centaur no Nayami|0|0|6|Low
alanoreo59|28999|Charlotte|0|0|6|Low
alanoreo59|34382|Citrus|0|0|6|Low
alanoreo59|1470|City Hunter|0|0|6|Low
alanoreo59|1818|Claymore|0|0|6|Low
alanoreo59|1575|Code Geass: Hangyaku no Lelouch|0|0|6|Low
alanoreo59|35756|Comic Girls|0|0|6|Low
alanoreo59|10029|Coquelicot-zaka kara|0|0|6|Low
alanoreo59|25731|Cross Ange: Tenshi to Ryuu no Rondo|0|0|6|Low
alanoreo59|22839|Cross Road|0|0|6|Low
alanoreo59|2696|Crusher Joe OVA|0|0|6|Low
alanoreo59|1352|Cyber City Oedo 808|0|0|6|Low
alanoreo59|20031|D-Frag!|0|0|6|Low
alanoreo59|17827|Daitoshokan no Hitsujikai|0|0|6|Low
alanoreo59|12549|Dakara Boku wa, H ga Dekinai.|0|0|6|Low
alanoreo59|26349|Danna ga Nani wo Itteiru ka Wakaranai Ken|0|0|6|Low
alanoreo59|2025|Darker than Black: Kuro no Keiyakusha|0|0|6|Low
alanoreo59|15583|Date A Live|0|0|6|Low
alanoreo59|9379|Denpa Onna to Seishun Otoko|0|0|6|Low
alanoreo59|5177|Denpa-teki na Kanojo|0|0|6|Low
alanoreo59|930|Densetsu Kyojin Ideon|0|0|6|Low
alanoreo59|2252|Devilman|0|0|6|Low
alanoreo59|2355|Devilman: Yochou Sirene-hen|0|0|6|Low
alanoreo59|424|Dirty Pair|0|0|6|Low
alanoreo59|1151|Dominion|0|0|6|Low
alanoreo59|31339|Drifters|0|0|6|Low
alanoreo59|4789|ef: A Tale of Melodies.|0|0|6|Low
alanoreo59|10260|Eiyuu Densetsu: Sora no Kiseki The Animation|0|0|6|Low
alanoreo59|3167|Eve no Jikan|0|0|6|Low
alanoreo59|504|Fatal Fury: The Motion Picture|0|0|6|Low
alanoreo59|14829|Fate/kaleid liner Prisma☆Illya|0|0|6|Low
alanoreo59|18851|Fate/kaleid liner Prisma☆Illya: Undoukai de Dance!|0|0|6|Low
alanoreo59|32979|Flip Flappers|0|0|6|Low
alanoreo59|4725|Ga-Rei: Zero|0|0|6|Low
alanoreo59|1281|Gakkou no Kaidan|0|0|6|Low
alanoreo59|30544|Gakusen Toshi Asterisk|0|0|6|Low
alanoreo59|384|Gantz|0|0|6|Low
alanoreo59|28907|Gate: Jieitai Kanochi nite, Kaku Tatakaeri|0|0|6|Low
alanoreo59|1829|Gedo Senki|0|0|6|Low
alanoreo59|34213|Getsuyoubi no Tawawa|0|0|6|Low
alanoreo59|34481|Getsuyoubi no Tawawa Specials|0|0|6|Low
alanoreo59|2321|Giant Robo the Animation: Chikyuu ga Seishi Suru Hi|0|0|6|Low
alanoreo59|16918|Gin no Saji|0|0|6|Low
alanoreo59|820|Ginga Eiyuu Densetsu|0|0|6|Low
alanoreo59|1491|Ginga Tetsudou 999|0|0|6|Low
alanoreo59|33970|Girls & Panzer: Saishuushou Part 1|0|0|6|Low
alanoreo59|21273|Gochuumon wa Usagi Desu ka?|0|0|6|Low
alanoreo59|268|Golden Boy|0|0|6|Low
alanoreo59|31629|Granblue Fantasy The Animation|0|0|6|Low
alanoreo59|245|Great Teacher Onizuka|0|0|6|Low
alanoreo59|17729|Grisaia no Kajitsu|0|0|6|Low
alanoreo59|29101|Grisaia no Kajitsu Specials|0|0|6|Low
alanoreo59|29095|Grisaia no Rakuen|0|0|6|Low
alanoreo59|31368|Grisaia no Rakuen Specials|0|0|6|Low
alanoreo59|23251|Gugure! Kokkuri-san|0|0|6|Low
alanoreo59|10793|Guilty Crown|0|0|6|Low
alanoreo59|134|Gunslinger Girl|0|0|6|Low
alanoreo59|387|Haibane Renmei|0|0|6|Low
alanoreo59|20689|Hamatora The Animation|0|0|6|Low
alanoreo59|6574|Hanamaru Youchien|0|0|6|Low
alanoreo59|9289|Hanasaku Iroha|0|0|6|Low
alanoreo59|32648|Handa-kun|0|0|6|Low
alanoreo59|1115|Handsome Girl|0|0|6|Low
alanoreo59|35006|Happy Party Train|0|0|6|Low
alanoreo59|15225|Hentai Ouji to Warawanai Neko.|0|0|6|Low
alanoreo59|27989|Hibike! Euphonium|0|0|6|Low
alanoreo59|8630|Hidan no Aria|0|0|6|Low
alanoreo59|31500|High School Fleet|0|0|6|Low
alanoreo59|967|Hokuto no Ken|0|0|6|Low
alanoreo59|256|Hoshi no Koe|0|0|6|Low
alanoreo59|9760|Hoshi wo Ou Kodomo|0|0|6|Low
alanoreo59|15377|Hyakka Ryouran: Samurai Bride|0|0|6|Low
alanoreo59|7088|Ichiban Ushiro no Daimaou|0|0|6|Low
alanoreo59|488|Ichigo Mashimaro|0|0|6|Low
alanoreo59|2465|Idol Bouei-tai Hummingbird|0|0|6|Low
alanoreo59|35413|Imouto sae Ireba Ii.|0|0|6|Low
alanoreo59|25159|Inou-Battle wa Nichijou-kei no Naka de|0|0|6|Low
alanoreo59|11013|Inu x Boku SS|0|0|6|Low
alanoreo59|432|Iria: Zeiram The Animation|0|0|6|Low
alanoreo59|10357|Jinrui wa Suitai Shimashita|0|0|6|Low
alanoreo59|23121|Jinsei|0|0|6|Low
alanoreo59|29785|Jitsu wa Watashi wa|0|0|6|Low
alanoreo59|12413|Jormungand|0|0|6|Low
alanoreo59|12679|Joshiraku|0|0|6|Low
alanoreo59|26441|Junketsu no Maria|0|0|6|Low
alanoreo59|15391|Kagaku na Yatsura|0|0|6|Low
alanoreo59|30524|Kagewani|0|0|6|Low
alanoreo59|16668|Kakumeiki Valvrave|0|0|6|Low
alanoreo59|489|Kamichu!|0|0|6|Low
alanoreo59|31044|Kamisama Minarai: Himitsu no Cocotama|0|0|6|Low
alanoreo59|10568|Kamisama no Memochou|0|0|6|Low
alanoreo59|3958|Kannagi|0|0|6|Low
alanoreo59|145|Kareshi Kanojo no Jijou|0|0|6|Low
alanoreo59|6594|Katanagatari|0|0|6|Low
alanoreo59|1288|Kidou Keisatsu Patlabor|0|0|6|Low
alanoreo59|1096|Kidou Keisatsu Patlabor 2 the Movie|0|0|6|Low
alanoreo59|1095|Kidou Keisatsu Patlabor the Movie|0|0|6|Low
alanoreo59|324|Kidou Keisatsu Patlabor: On Television|0|0|6|Low
alanoreo59|1087|Kimagure Orange☆Road|0|0|6|Low
alanoreo59|3229|Kimi ga Aruji de Shitsuji ga Ore de|0|0|6|Low
alanoreo59|6045|Kimi ni Todoke|0|0|6|Low
alanoreo59|16732|Kiniro Mosaic|0|0|6|Low
alanoreo59|35079|Kino no Tabi: The Beautiful World - The Animated Series|0|0|6|Low
alanoreo59|9260|Kizumonogatari I: Tekketsu-hen|0|0|6|Low
alanoreo59|31757|Kizumonogatari II: Nekketsu-hen|0|0|6|Low
alanoreo59|31758|Kizumonogatari III: Reiketsu-hen|0|0|6|Low
alanoreo59|8876|Koe de Oshigoto! The Animation|0|0|6|Low
alanoreo59|12175|Koi to Senkyo to Chocolate|0|0|6|Low
alanoreo59|11887|Kokoro Connect|0|0|6|Low
alanoreo59|31952|Kono Bijutsubu ni wa Mondai ga Aru!|0|0|6|Low
alanoreo59|13367|Kono Naka ni Hitori, Imouto ga Iru!|0|0|6|Low
alanoreo59|15227|Kono Sekai no Katasumi ni|0|0|6|Low
alanoreo59|16782|Kotonoha no Niwa|0|0|6|Low
alanoreo59|237|Koukyoushihen Eureka Seven|0|0|6|Low
alanoreo59|28623|Koutetsujou no Kabaneri|0|0|6|Low
alanoreo59|1032|Kumo no You ni Kaze no You ni|0|0|6|Low
alanoreo59|32949|Kuzu no Honkai|0|0|6|Low
alanoreo59|10456|Kyoukaisenjou no Horizon|0|0|6|Low
alanoreo59|19703|Kyousou Giga (TV)|0|0|6|Low
alanoreo59|32526|Love Live! Sunshine!!|0|0|6|Low
alanoreo59|23133|M3: Sono Kuroki Hagane|0|0|6|Low
alanoreo59|28013|Macross Δ|0|0|6|Low
alanoreo59|474|Macross Plus|0|0|6|Low
alanoreo59|24455|Madan no Ou to Vanadis|0|0|6|Low
alanoreo59|34599|Made in Abyss|0|0|6|Low
alanoreo59|276|Mahoromatic: Automatic Maiden|0|0|6|Low
alanoreo59|19769|Mahou Sensou|0|0|6|Low
alanoreo59|33003|Mahou Shoujo Ikusei Keikaku|0|0|6|Low
alanoreo59|1453|Maison Ikkoku|0|0|6|Low
alanoreo59|10213|Maji de Watashi ni Koi Shinasai!|0|0|6|Low
alanoreo59|23945|Majimoji Rurumo|0|0|6|Low
alanoreo59|21863|Mangaka-san to Assistant-san to The Animation|0|0|6|Low
alanoreo59|158|Maria-sama ga Miteru|0|0|6|Low
alanoreo59|5030|Maria†Holic|0|0|6|Low
alanoreo59|10110|Mayo Chiki!|0|0|6|Low
alanoreo59|1064|Mazinkaiser|0|0|6|Low
alanoreo59|11761|Medaka Box|0|0|6|Low
alanoreo59|1935|Megazone 23|0|0|6|Low
alanoreo59|2017|Mermaid's Scar|0|0|6|Low
alanoreo59|522|Metropolis|0|0|6|Low
alanoreo59|4087|Michiko to Hatchin|0|0|6|Low
alanoreo59|20541|Mikakunin de Shinkoukei|0|0|6|Low
alanoreo59|26085|Military!|0|0|6|Low
alanoreo59|3342|Mnemosyne: Mnemosyne no Musume-tachi|0|0|6|Low
alanoreo59|15315|Mondaiji-tachi ga Isekai kara Kuru Sou Desu yo?|0|0|6|Low
alanoreo59|31442|Musaigen no Phantom World|0|0|6|Low
alanoreo59|3655|Nabari no Ou|0|0|6|Low
alanoreo59|23755|Nanatsu no Taizai|0|0|6|Low
alanoreo59|12467|Nazo no Kanojo X|0|0|6|Low
alanoreo59|34658|Nekopara|0|0|6|Low
alanoreo59|10161|No.6|0|0|6|Low
alanoreo59|272|Noir|0|0|6|Low
alanoreo59|23623|Non Non Biyori Repeat|0|0|6|Low
alanoreo59|20507|Noragami|0|0|6|Low
alanoreo59|18095|Nourin|0|0|6|Low
alanoreo59|24175|Nozo x Kimi|0|0|6|Low
alanoreo59|7592|Nurarihyon no Mago|0|0|6|Low
alanoreo59|6512|Nyan Koi!|0|0|6|Low
alanoreo59|32962|Occultic;Nine|0|0|6|Low
alanoreo59|11933|Oda Nobuna no Yabou|0|0|6|Low
alanoreo59|28819|Okusama ga Seitokaichou!|0|0|6|Low
alanoreo59|6324|Omamori Himari|0|0|6|Low
alanoreo59|14199|Oniichan dakedo Ai sae Areba Kankeinai yo ne!|0|0|6|Low
alanoreo59|31143|Onsen Yousei Hakone-chan|0|0|6|Low
alanoreo59|12355|Ookami Kodomo no Ame to Yuki|0|0|6|Low
alanoreo59|11067|Oppai Heart: Kanojo wa Kedamono Hatsujouki!?|0|0|6|Low
alanoreo59|25099|"Ore ga Ojousama Gakkou ni ""Shomin Sample"" Toshite Gets♥Sareta Ken"|0|0|6|Low
alanoreo59|14749|Ore no Kanojo to Osananajimi ga Shuraba Sugiru|0|0|6|Low
alanoreo59|19221|Ore no Nounai Sentakushi ga, Gakuen Love Comedy wo Zenryoku de Jama Shiteiru|0|0|6|Low
alanoreo59|32013|Oshiete! Galko-chan|0|0|6|Low
alanoreo59|1034|Ouritsu Uchuugun: Honneamise no Tsubasa|0|0|6|Low
alanoreo59|19369|Outbreak Company|0|0|6|Low
alanoreo59|29803|Overlord|0|0|6|Low
alanoreo59|11179|Papa no Iukoto wo Kikinasai!|0|0|6|Low
alanoreo59|1943|Paprika|0|0|6|Low
alanoreo59|437|Perfect Blue|0|0|6|Low
alanoreo59|10588|Persona 4 the Animation|0|0|6|Low
alanoreo59|16397|Photokano|0|0|6|Low
alanoreo59|27775|Plastic Memories|0|0|6|Low
alanoreo59|10711|Plastic Neesan|0|0|6|Low
alanoreo59|37596|Poputepipikku 2|0|0|6|Low
alanoreo59|37807|Princess Principal 2|0|0|6|Low
alanoreo59|30240|Prison School|0|0|6|Low
alanoreo59|28617|Punch Line|0|0|6|Low
alanoreo59|6633|Queen's Blade: Gyokuza wo Tsugu Mono|0|0|6|Low
alanoreo59|208|R.O.D OVA|0|0|6|Low
alanoreo59|23309|Rail Wars!|0|0|6|Low
alanoreo59|30296|Rakudai Kishi no Cavalry|0|0|6|Low
alanoreo59|13391|Rakuen Tsuihou|0|0|6|Low
alanoreo59|35298|Ramen Daisuki Koizumi-san|0|0|6|Low
alanoreo59|210|Ranma ½|0|0|6|Low
alanoreo59|34561|Re:Creators|0|0|6|Low
alanoreo59|941|Renkin San-kyuu Magical? Pokaan|0|0|6|Low
alanoreo59|917|Riding Bean|0|0|6|Low
alanoreo59|13599|Robotics;Notes|0|0|6|Low
alanoreo59|32951|Rokudenashi Majutsu Koushi to Akashic Records|0|0|6|Low
alanoreo59|22865|Rokujouma no Shinryakusha!?|0|0|6|Low
alanoreo59|25867|Rolling☆Girls|0|0|6|Low
alanoreo59|2000|Roujin Z|0|0|6|Low
alanoreo59|64|Rozen Maiden|0|0|6|Low
alanoreo59|45|Rurouni Kenshin: Meiji Kenkaku Romantan|0|0|6|Low
alanoreo59|23277|Saenai Heroine no Sodatekata|0|0|6|Low
alanoreo59|15775|Saint☆Oniisan|0|0|6|Low
alanoreo59|12531|Sakamichi no Apollon|0|0|6|Low
alanoreo59|5671|Saki|0|0|6|Low
alanoreo59|114|Sakigake!! Cromartie Koukou|0|0|6|Low
alanoreo59|34494|Sakura Quest|0|0|6|Low
alanoreo59|20047|Sakura Trick|0|0|6|Low
alanoreo59|11499|Sankarea|0|0|6|Low
alanoreo59|2605|Sayonara Zetsubou Sensei|0|0|6|Low
alanoreo59|30806|Schwarzesmarken|0|0|6|Low
alanoreo59|400|Seihou Bukyou Outlaw Star|0|0|6|Low
alanoreo59|22663|Seiken Tsukai no World Break|0|0|6|Low
alanoreo59|22877|Seireitsukai no Blade Dance|0|0|6|Low
alanoreo59|8675|Seitokai Yakuindomo|0|0|6|Low
alanoreo59|20973|Sekai Seifuku: Bouryaku no Zvezda|0|0|6|Low
alanoreo59|31540|Sekkou Boys|0|0|6|Low
alanoreo59|10308|Sengoku Otome: Momoiro Paradox|0|0|6|Low
alanoreo59|5507|Senjou no Valkyria|0|0|6|Low
alanoreo59|15119|Senran Kagura|0|0|6|Low
alanoreo59|27967|Senran Kagura Estival Versus: Shoujo-tachi no Sentaku|0|0|6|Low
alanoreo59|533|Sensei no Ojikan: Doki Doki School Hours|0|0|6|Low
alanoreo59|2104|Seto no Hanayome|0|0|6|Low
alanoreo59|33031|Shakunetsu no Takkyuu Musume|0|0|6|Low
alanoreo59|23273|Shigatsu wa Kimi no Uso|0|0|6|Low
alanoreo59|1559|Shijou Saikyou no Deshi Kenichi|0|0|6|Low
alanoreo59|1548|Shin Taketori Monogatari: 1000-nen Joou|0|0|6|Low
alanoreo59|23233|Shinmai Maou no Testament|0|0|6|Low
alanoreo59|13125|Shinsekai yori|0|0|6|Low
alanoreo59|25835|Shirobako|0|0|6|Low
alanoreo59|28171|Shokugeki no Souma|0|0|6|Low
alanoreo59|33433|Shuumatsu no Izetta|0|0|6|Low
alanoreo59|33834|Sin: Nanatsu no Taizai|0|0|6|Low
alanoreo59|2942|Sketchbook: Full Color's|0|0|6|Low
alanoreo59|2604|Sky Girls|0|0|6|Low
alanoreo59|8197|So Ra No Wo To Specials|0|0|6|Low
alanoreo59|1965|Sola|0|0|6|Low
alanoreo59|20555|SoniAni: Super Sonico The Animation|0|0|6|Low
alanoreo59|5958|Sora no Otoshimono|0|0|6|Low
alanoreo59|1285|Soukihei MD Geist|0|0|6|Low
alanoreo59|2582|Soukou Kihei Votoms|0|0|6|Low
alanoreo59|420|Spriggan|0|0|6|Low
alanoreo59|30484|Steins;Gate 0|0|0|6|Low
alanoreo59|2418|Stranger: Mukou Hadan|0|0|6|Low
alanoreo59|18277|Strike the Blood|0|0|6|Low
alanoreo59|5681|Summer Wars|0|0|6|Low
alanoreo59|1372|Taiho Shichau zo (TV)|0|0|6|Low
alanoreo59|24133|Taimadou Gakuen 35 Shiken Shoutai|0|0|6|Low
alanoreo59|4532|Taiyou no Yuusha Fighbird|0|0|6|Low
alanoreo59|16417|Tamako Market|0|0|6|Low
alanoreo59|12445|Tasogare Otome x Amnesia|0|0|6|Low
alanoreo59|6758|Tatakau Shisho: The Book of Bantorra|0|0|6|Low
alanoreo59|696|Tenchi Muyou!|0|0|6|Low
alanoreo59|566|Tetsuwan Birdy|0|0|6|Low
alanoreo59|16049|Toaru Kagaku no Railgun S|0|0|6|Low
alanoreo59|3192|Tobira wo Akete|0|0|6|Low
alanoreo59|16011|Tokyo Ravens|0|0|6|Low
alanoreo59|14227|Tonari no Kaibutsu-kun|0|0|6|Low
alanoreo59|1002|Top wo Nerae 2! Diebuster|0|0|6|Low
alanoreo59|949|Top wo Nerae! Gunbuster|0|0|6|Low
alanoreo59|10294|Towa no Quon 1: Utakata no Kaben|0|0|6|Low
alanoreo59|25157|Trinity Seven|0|0|6|Low
alanoreo59|34902|Tsurezure Children|0|0|6|Low
alanoreo59|12431|Uchuu Kyoudai|0|0|6|Low
alanoreo59|33478|UQ Holder!: Mahou Sensei Negima! 2|0|0|6|Low
alanoreo59|32924|Urara Meirochou|0|0|6|Low
alanoreo59|21845|Ushinawareta Mirai wo Motomete|0|0|6|Low
alanoreo59|30385|Valkyrie Drive: Mermaid|0|0|6|Low
alanoreo59|33589|ViVid Strike!|0|0|6|Low
alanoreo59|14283|Vividred Operation|0|0|6|Low
alanoreo59|19023|Wake Up, Girls!|0|0|6|Low
alanoreo59|19151|Walkure Romanze|0|0|6|Low
alanoreo59|32899|Watashi ga Motete Dousunda|0|0|6|Low
alanoreo59|935|Witchblade|0|0|6|Low
alanoreo59|20053|Wizard Barristers: Benmashi Cecil|0|0|6|Low
alanoreo59|33094|WWW.Working!!|0|0|6|Low
alanoreo59|14813|Yahari Ore no Seishun Love Comedy wa Machigatteiru.|0|0|6|Low
alanoreo59|23847|Yahari Ore no Seishun Love Comedy wa Machigatteiru. Zoku|0|0|6|Low
alanoreo59|14355|Yama no Susume|0|0|6|Low
alanoreo59|7785|Yojouhan Shinwa Taikei|0|0|6|Low
alanoreo59|7762|Yondemasu yo, Azazel-san.|0|0|6|Low
alanoreo59|8861|Yosuga no Sora: In Solitude, Where We Are Least Alone.|0|0|6|Low
alanoreo59|35507|Youkoso Jitsuryoku Shijou Shugi no Kyoushitsu e|0|0|6|Low
alanoreo59|36726|Yuragi-sou no Yuuna-san|0|0|6|Low
alanoreo59|26165|Yuri Kuma Arashi|0|0|6|Low
alanoreo59|34798|Yuru Camp△|0|0|6|Low
alanoreo59|18677|Yuusha ni Narenakatta Ore wa Shibushibu Shuushoku wo Ketsui Shimashita.|0|0|6|Low
alanoreo59|23283|Zankyou no Terror|0|0|6|Low
alanoreo59|1195|Zero no Tsukaima|0|0|6|Low
alanoreo59|37976|Zombieland Saga|0|0|6|Low
