Alsonovando|32015|Ajin OVA|0|2|1|Low
Alsonovando|33929|Boku no Hero Academia: Sukue! Kyuujo Kunren!|0|0|1|Low
Alsonovando|34566|Boruto: Naruto Next Generations|0|0|1|Low
Alsonovando|34525|Centaur no Nayami|0|0|1|Low
Alsonovando|35114|Clione no Akari|0|0|1|Low
Alsonovando|31827|Comet Lucifer: Garden Indigo no Shasou kara|0|0|1|Low
Alsonovando|34403|Hajimete no Gal|0|0|1|Low
Alsonovando|31326|High School DxD BorN: Ishibumi Ichiei Kanzen Kanshuu! Mousou Bakuyou Kaijo Original Video|0|0|1|Low
Alsonovando|34834|Hina Logi: From Luck & Logic|0|0|1|Low
Alsonovando|34012|Isekai Shokudou|0|0|1|Low
Alsonovando|35203|Isekai wa Smartphone to Tomo ni.|0|0|1|Low
Alsonovando|34565|Jikan no Shihaisha|0|0|1|Low
Alsonovando|34933|Kakegurui|0|0|1|Low
Alsonovando|5042|Kiss x Sis|10|12|1|Low
Alsonovando|35145|Kobayashi-san Chi no Maid Dragon Specials|0|0|1|Low
Alsonovando|34934|Koi to Uso|0|0|1|Low
Alsonovando|33118|Kuma Miko Specials|0|0|1|Low
Alsonovando|34599|Made in Abyss|0|0|1|Low
Alsonovando|35062|Mahoutsukai no Yome|0|0|1|Low
Alsonovando|31121|Monster Musume no Iru Nichijou: Hobo Mainichi ◯◯! Namappoi Douga|0|10|1|Low
Alsonovando|34580|Nana Maru San Batsu|0|0|1|Low
Alsonovando|34383|Netsuzou TRap|0|0|1|Low
Alsonovando|34914|New Game!!|0|0|1|Low
Alsonovando|32668|Noblesse: Awakening|0|0|1|Low
Alsonovando|32447|Nora to Oujo to Noraneko Heart|0|0|1|Low
Alsonovando|30885|Noragami Aragoto OVA|0|0|1|Low
Alsonovando|31918|Owari no Seraph: Nagoya Kessen-hen - Owaranai Seraph - Nagoya Kessen-hen|0|0|1|Low
Alsonovando|31756|Owari no Seraph: The Beginning of the End|0|0|1|Low
Alsonovando|35240|Princess Principal|0|0|1|Low
Alsonovando|34561|Re:Creators|0|0|1|Low
Alsonovando|34494|Sakura Quest|0|0|1|Low
Alsonovando|34102|Sakurada Reset|0|0|1|Low
Alsonovando|34289|Schoolgirl Strikers: Animation Channel|0|0|1|Low
Alsonovando|32032|Seikaisuru Kado|0|0|1|Low
Alsonovando|35369|Seikaisuru Kado: Ninovo|0|0|1|Low
Alsonovando|30736|Shingeki no Bahamut: Virgin Soul|0|0|1|Low
Alsonovando|34547|Shoukoku no Altair|0|0|1|Low
Alsonovando|33502|Shuumatsu Nani Shitemasu ka? Isogashii desu ka? Sukutte Moratte Ii desu ka?|0|0|1|Low
Alsonovando|35629|Skirt no Naka wa Kedamono Deshita.|0|0|1|Low
Alsonovando|28063|Sword Art Online II: Sword Art Offline II|0|5|1|Low
Alsonovando|34449|The Reflection|0|0|1|Low
Alsonovando|31736|Valkyrie Drive: Mermaid Specials|0|0|1|Low
Alsonovando|34368|Vatican Kiseki Chousakan|0|0|1|Low
Alsonovando|35507|Youkoso Jitsuryoku Shijou Shugi no Kyoushitsu e|0|0|1|Low
Alsonovando|34176|Zero kara Hajimeru Mahou no Sho|0|0|1|Low
Alsonovando|31646|3-gatsu no Lion|9|22|2|Low
Alsonovando|32998|91 Days|9|12|2|Low
Alsonovando|33337|ACCA: 13-ku Kansatsu-ka|8|12|2|Low
Alsonovando|31580|Ajin|10|13|2|Low
Alsonovando|30123|Akagami no Shirayuki-hime|9|12|2|Low
Alsonovando|31173|Akagami no Shirayuki-hime 2nd Season|8|12|2|Low
Alsonovando|22199|Akame ga Kill!|8|24|2|Low
Alsonovando|25241|Akame ga Kill! Theater|8|24|2|Low
Alsonovando|19429|Akuma no Riddle|8|12|2|Low
Alsonovando|34350|Alice to Zouroku|6|12|2|Low
Alsonovando|32828|Amaama to Inazuma|8|12|2|Low
Alsonovando|22147|Amagi Brilliant Park|8|13|2|Low
Alsonovando|31771|Amanchu!|8|12|2|Low
Alsonovando|32171|Ange Vierge|7|12|2|Low
Alsonovando|31080|Anne Happy♪|7|12|2|Low
Alsonovando|24833|Ansatsu Kyoushitsu|8|22|2|Low
Alsonovando|30654|Ansatsu Kyoushitsu 2nd Season|10|25|2|Low
Alsonovando|28391|Ao no Kanata no Four Rhythm|7|12|2|Low
Alsonovando|30795|Bakuon!!|7|12|2|Low
Alsonovando|31904|Big Order (TV)|9|10|2|Low
Alsonovando|30782|Bikini Warriors|7|12|2|Low
Alsonovando|20787|Black Bullet|7|13|2|Low
Alsonovando|889|Black Lagoon|8|12|2|Low
Alsonovando|8440|Black Lagoon Omake|6|7|2|Low
Alsonovando|4901|Black Lagoon: Roberta's Blood Trail|9|5|2|Low
Alsonovando|1519|Black Lagoon: The Second Barrage|8|12|2|Low
Alsonovando|11633|Blood Lad|8|10|2|Low
Alsonovando|18441|Blood Lad: Wagahai wa Neko de wa Nai|5|1|2|Low
Alsonovando|31964|Boku no Hero Academia|9|13|2|Low
Alsonovando|33486|Boku no Hero Academia 2nd Season|10|25|2|Low
Alsonovando|31478|Bungou Stray Dogs|9|12|2|Low
Alsonovando|33475|Busou Shoujo Machiavellianism|7|12|2|Low
Alsonovando|30091|Chaos Dragon: Sekiryuu Seneki|8|12|2|Low
Alsonovando|14741|Chuunibyou demo Koi ga Shitai!|7|12|2|Low
Alsonovando|18671|Chuunibyou demo Koi ga Shitai! Ren|7|12|2|Low
Alsonovando|27601|Chuunibyou demo Koi ga Shitai! Ren: The Rikka Wars|6|1|2|Low
Alsonovando|16934|Chuunibyou demo Koi ga Shitai!: Kirameki no... Slapstick Noel|6|1|2|Low
Alsonovando|30383|Classroom☆Crisis|9|13|2|Low
Alsonovando|32407|Clockwork Planet|7|12|2|Low
Alsonovando|31318|Comet Lucifer|5|12|2|Low
Alsonovando|31636|Dagashi Kashi|8|12|2|Low
Alsonovando|15583|Date A Live|8|12|2|Low
Alsonovando|19163|Date A Live II|8|10|2|Low
Alsonovando|17641|Date A Live: Date to Date|0|1|2|Low
Alsonovando|22961|Date A Live: Encore|0|1|2|Low
Alsonovando|28223|Death Parade|9|12|2|Low
Alsonovando|1826|Deltora Quest|7|65|2|Low
Alsonovando|33988|Demi-chan wa Kataritai|7|12|2|Low
Alsonovando|9379|Denpa Onna to Seishun Otoko|9|12|2|Low
Alsonovando|31163|Dimension W|8|12|2|Low
Alsonovando|31710|Divine Gate|9|12|2|Low
Alsonovando|9330|Dragon Crisis!|8|12|2|Low
Alsonovando|28121|Dungeon ni Deai wo Motomeru no wa Machigatteiru Darou ka|8|13|2|Low
Alsonovando|32887|Dungeon ni Deai wo Motomeru no wa Machigatteiru Darou ka Gaiden: Sword Oratoria|5|12|2|Low
Alsonovando|32608|Endride|6|24|2|Low
Alsonovando|790|Ergo Proxy|8|23|2|Low
Alsonovando|32901|Eromanga-sensei|9|12|2|Low
Alsonovando|31376|Flying Witch|7|12|2|Low
Alsonovando|9367|Freezing|9|12|2|Low
Alsonovando|10172|Freezing Specials|9|6|2|Low
Alsonovando|18001|Freezing Vibration|9|12|2|Low
Alsonovando|21373|Freezing Vibration Specials|9|6|2|Low
Alsonovando|33203|Fukumenkei Noise|7|12|2|Low
Alsonovando|33731|Gabriel DropOut|7|12|2|Low
Alsonovando|30544|Gakusen Toshi Asterisk|7|12|2|Low
Alsonovando|31737|Gakusen Toshi Asterisk 2nd Season|10|12|2|Low
Alsonovando|25183|Gangsta.|9|12|2|Low
Alsonovando|28907|Gate: Jieitai Kanochi nite, Kaku Tatakaeri|8|12|2|Low
Alsonovando|31637|Gate: Jieitai Kanochi nite, Kaku Tatakaeri 2nd Season|9|12|2|Low
Alsonovando|32936|Gin no Guardian|5|12|2|Low
Alsonovando|241|Girls Bravo: First Season|7|11|2|Low
Alsonovando|487|Girls Bravo: Second Season|7|13|2|Low
Alsonovando|27631|God Eater|10|13|2|Low
Alsonovando|21431|Gokukoku no Brynhildr|9|13|2|Low
Alsonovando|24695|Gokukoku no Brynhildr: Kara Sawagi|7|1|2|Low
Alsonovando|268|Golden Boy|9|6|2|Low
Alsonovando|17895|Golden Time|9|24|2|Low
Alsonovando|10793|Guilty Crown|5|22|2|Low
Alsonovando|13411|Guilty Crown: Lost Christmas|5|1|2|Low
Alsonovando|31859|Hai to Gensou no Grimgar|10|12|2|Low
Alsonovando|32561|Hai to Gensou no Grimgar: Furo no Kabe ni Kaketa Seishun - One More Centimeter|9|1|2|Low
Alsonovando|32981|Hand Shakers|6|12|2|Low
Alsonovando|15809|Hataraku Maou-sama!|8|13|2|Low
Alsonovando|15225|Hentai Ouji to Warawanai Neko.|8|12|2|Low
Alsonovando|8630|Hidan no Aria|7|12|2|Low
Alsonovando|28883|Hidan no Aria AA|9|12|2|Low
Alsonovando|11617|High School DxD|9|12|2|Low
Alsonovando|24703|High School DxD BorN|9|12|2|Low
Alsonovando|15451|High School DxD New|9|12|2|Low
Alsonovando|12729|High School DxD OVA|8|2|2|Low
Alsonovando|13357|High School DxD Specials|9|6|2|Low
Alsonovando|33948|Hinako Note|7|12|2|Low
Alsonovando|33421|Hitori no Shita: The Outcast|7|12|2|Low
Alsonovando|431|Howl no Ugoku Shiro|8|1|2|Low
Alsonovando|31338|Hundred|8|12|2|Low
Alsonovando|25159|Inou-Battle wa Nichijou-kei no Naka de|8|12|2|Low
Alsonovando|29785|Jitsu wa Watashi wa|7|13|2|Low
Alsonovando|31405|Joker Game|9|12|2|Low
Alsonovando|5680|K-On!|6|13|2|Low
Alsonovando|7054|Kaichou wa Maid-sama!|8|26|2|Low
Alsonovando|9366|Kaichou wa Maid-sama!: Omake dayo!|0|1|2|Low
Alsonovando|32491|Kanojo to Kanojo no Neko: Everything Flows|10|4|2|Low
Alsonovando|3464|Kemeko Deluxe!|4|12|2|Low
Alsonovando|18679|Kill la Kill|8|24|2|Low
Alsonovando|21659|Kill la Kill Specials|8|1|2|Low
Alsonovando|22535|Kiseijuu: Sei no Kakuritsu|8|24|2|Low
Alsonovando|7593|Kiss x Sis (TV)|10|12|2|Low
Alsonovando|31798|Kiznaiver|10|12|2|Low
Alsonovando|33206|Kobayashi-san Chi no Maid Dragon|9|13|2|Low
Alsonovando|30831|Kono Subarashii Sekai ni Shukufuku wo!|10|10|2|Low
Alsonovando|32937|Kono Subarashii Sekai ni Shukufuku wo! 2|10|10|2|Low
Alsonovando|8841|Kore wa Zombie Desu ka?|9|12|2|Low
Alsonovando|10790|Kore wa Zombie Desu ka? of the Dead|9|10|2|Low
Alsonovando|15437|Kore wa Zombie Desu ka? of the Dead: Hai, Minotake ni Attemasu|9|1|2|Low
Alsonovando|10209|Kore wa Zombie Desu ka? OVA|9|2|2|Low
Alsonovando|28623|Koutetsujou no Kabaneri|10|12|2|Low
Alsonovando|31804|Kuma Miko|7|12|2|Low
Alsonovando|32949|Kuzu no Honkai|10|12|2|Low
Alsonovando|33489|Little Witch Academia (TV)|10|25|2|Low
Alsonovando|32083|Luck & Logic|9|12|2|Low
Alsonovando|20785|Mahouka Koukou no Rettousei|8|26|2|Low
Alsonovando|33487|Masamune-kun no Revenge|8|12|2|Low
Alsonovando|31845|Masou Gakuen HxH|7|12|2|Low
Alsonovando|32438|Mayoiga|7|12|2|Low
Alsonovando|21603|Mekakucity Actors|9|12|2|Low
Alsonovando|10620|Mirai Nikki|10|26|2|Low
Alsonovando|8460|Mirai Nikki OVA|10|1|2|Low
Alsonovando|16762|Mirai Nikki: Redial|10|1|2|Low
Alsonovando|32182|Mob Psycho 100|9|12|2|Low
Alsonovando|15315|Mondaiji-tachi ga Isekai kara Kuru Sou Desu yo?|7|10|2|Low
Alsonovando|30307|Monster Musume no Iru Nichijou|8|12|2|Low
Alsonovando|31442|Musaigen no Phantom World|7|13|2|Low
Alsonovando|31764|Nejimaki Seirei Senki: Tenkyou no Alderamin|8|13|2|Low
Alsonovando|31953|New Game!|8|12|2|Low
Alsonovando|18897|Nisekoi|7|20|2|Low
Alsonovando|24227|Nisekoi OVA|7|3|2|Low
Alsonovando|27787|Nisekoi:|8|12|2|Low
Alsonovando|19815|No Game No Life|8|12|2|Low
Alsonovando|20507|Noragami|8|12|2|Low
Alsonovando|30503|Noragami Aragoto|8|13|2|Low
Alsonovando|30276|One Punch Man|10|12|2|Low
Alsonovando|31704|One Punch Man: Road to Hero|7|1|2|Low
Alsonovando|14199|Oniichan dakedo Ai sae Areba Kankeinai yo ne!|0|12|2|Low
Alsonovando|32729|Orange|9|13|2|Low
Alsonovando|8769|Ore no Imouto ga Konnani Kawaii Wake ga Nai|8|12|2|Low
Alsonovando|10020|Ore no Imouto ga Konnani Kawaii Wake ga Nai Specials|3|4|2|Low
Alsonovando|13659|Ore no Imouto ga Konnani Kawaii Wake ga Nai.|8|13|2|Low
Alsonovando|18857|Ore no Imouto ga Konnani Kawaii Wake ga Nai. Specials|8|3|2|Low
Alsonovando|19221|Ore no Nounai Sentakushi ga, Gakuen Love Comedy wo Zenryoku de Jama Shiteiru|8|10|2|Low
Alsonovando|20939|Ore no Nounai Sentakushi ga, Gakuen Love Comedy wo Zenryoku de Jama Shiteiru OVA|8|1|2|Low
Alsonovando|34262|Oushitsu Kyoushi Heine|6|12|2|Low
Alsonovando|29803|Overlord|9|13|2|Low
Alsonovando|26243|Owari no Seraph|8|12|2|Low
Alsonovando|28927|Owari no Seraph: Nagoya Kessen-hen|8|12|2|Low
Alsonovando|30714|Owari no Seraph: Owaranai Seraph|5|9|2|Low
Alsonovando|30240|Prison School|9|12|2|Low
Alsonovando|32485|Prison School: Mad Wax|8|1|2|Low
Alsonovando|32360|Qualidea Code|8|12|2|Low
Alsonovando|33926|Quanzhi Gaoshou|10|12|2|Low
Alsonovando|30296|Rakudai Kishi no Cavalry|10|12|2|Low
Alsonovando|31240|Re:Zero kara Hajimeru Isekai Seikatsu|10|25|2|Low
Alsonovando|30015|ReLIFE|9|13|2|Low
Alsonovando|32262|Renai Boukun|7|12|2|Low
Alsonovando|31716|Rewrite|9|13|2|Low
Alsonovando|34126|Rewrite 2nd Season|10|11|2|Low
Alsonovando|28497|Rokka no Yuusha|10|12|2|Low
Alsonovando|32951|Rokudenashi Majutsu Koushi to Akashic Records|7|12|2|Low
Alsonovando|2993|Rosario to Vampire|9|13|2|Low
Alsonovando|4214|Rosario to Vampire Capu2|9|13|2|Low
Alsonovando|30749|Saijaku Muhai no Bahamut|7|12|2|Low
Alsonovando|32542|Sakamoto desu ga?|10|12|2|Low
Alsonovando|13759|Sakurasou no Pet na Kanojo|8|24|2|Low
Alsonovando|22877|Seireitsukai no Blade Dance|7|12|2|Low
Alsonovando|25285|Seireitsukai no Blade Dance Specials|5|6|2|Low
Alsonovando|32595|Seisen Cerberus: Ryuukoku no Fatalités|7|13|2|Low
Alsonovando|31229|Servamp|7|12|2|Low
Alsonovando|23273|Shigatsu wa Kimi no Uso|10|22|2|Low
Alsonovando|29786|Shimoneta to Iu Gainen ga Sonzai Shinai Taikutsu na Sekai|8|12|2|Low
Alsonovando|21843|Shingeki no Bahamut: Genesis|8|12|2|Low
Alsonovando|28447|Shingeki no Bahamut: Genesis Recap|4|1|2|Low
Alsonovando|16498|Shingeki no Kyojin|10|25|2|Low
Alsonovando|18397|Shingeki no Kyojin OVA|10|3|2|Low
Alsonovando|25777|Shingeki no Kyojin Season 2|10|12|2|Low
Alsonovando|19285|Shingeki no Kyojin: Ano Hi Kara|10|1|2|Low
Alsonovando|25781|Shingeki no Kyojin: Kuinaki Sentaku|10|2|2|Low
Alsonovando|31374|Shingeki! Kyojin Chuugakkou|10|12|2|Low
Alsonovando|23233|Shinmai Maou no Testament|7|12|2|Low
Alsonovando|30363|Shinmai Maou no Testament Burst|8|10|2|Low
Alsonovando|29027|Shinmai Maou no Testament: Toujou Basara no Hard Sweet na Nichijou|6|1|2|Low
Alsonovando|31914|Shoujo-tachi wa Kouya wo Mezasu|7|12|2|Low
Alsonovando|33834|Sin: Nanatsu no Taizai|8|12|2|Low
Alsonovando|23209|Sora no Method|7|13|2|Low
Alsonovando|5958|Sora no Otoshimono|8|13|2|Low
Alsonovando|12783|Sora no Otoshimono Final: Eternal My Master|2|1|2|Low
Alsonovando|8407|Sora no Otoshimono: Forte|8|12|2|Low
Alsonovando|7858|Sora no Otoshimono: Project Pink|8|1|2|Low
Alsonovando|9790|Sora no Otoshimono: Tokeijikake no Angeloid|8|1|2|Low
Alsonovando|32105|Sousei no Onmyouji|10|50|2|Low
Alsonovando|28621|Subete ga F ni Naru: The Perfect Insider|10|11|2|Low
Alsonovando|11757|Sword Art Online|7|25|2|Low
Alsonovando|21881|Sword Art Online II|8|24|2|Low
Alsonovando|29758|Taboo Tattoo|5|12|2|Low
Alsonovando|24133|Taimadou Gakuen 35 Shiken Shoutai|9|12|2|Low
Alsonovando|30911|Tales of Zestiria the X|10|12|2|Low
Alsonovando|34086|Tales of Zestiria the X 2nd Season|10|13|2|Low
Alsonovando|22319|Tokyo Ghoul|9|12|2|Low
Alsonovando|27899|Tokyo Ghoul √A|10|12|2|Low
Alsonovando|30458|"Tokyo Ghoul: ""Jack"""|9|1|2|Low
Alsonovando|31297|"Tokyo Ghoul: ""Pinto"""|9|1|2|Low
Alsonovando|16011|Tokyo Ravens|6|24|2|Low
Alsonovando|4224|Toradora!|10|25|2|Low
Alsonovando|23701|Toradora! Recap|10|1|2|Low
Alsonovando|11553|Toradora!: Bentou no Gokui|6|1|2|Low
Alsonovando|34019|Tsugumomo|6|12|2|Low
Alsonovando|34822|Tsuki ga Kirei|9|12|2|Low
Alsonovando|32924|Urara Meirochou|7|12|2|Low
Alsonovando|10162|Usagi Drop|7|11|2|Low
Alsonovando|30385|Valkyrie Drive: Mermaid|10|12|2|Low
Alsonovando|31439|Wagamama High Spec|5|12|2|Low
Alsonovando|16742|Watashi ga Motenai no wa Dou Kangaetemo Omaera ga Warui!|7|12|2|Low
Alsonovando|20449|Watashi ga Motenai no wa Dou Kangaetemo Omaera ga Warui!: Motenaishi, Nazomeite Miru|5|1|2|Low
Alsonovando|14813|Yahari Ore no Seishun Love Comedy wa Machigatteiru.|4|13|2|Low
Alsonovando|18753|Yahari Ore no Seishun Love Comedy wa Machigatteiru. OVA|5|1|2|Low
Alsonovando|23847|Yahari Ore no Seishun Love Comedy wa Machigatteiru. Zoku|2|13|2|Low
Alsonovando|32615|Youjo Senki|9|12|2|Low
Alsonovando|34051|Akiba's Trip The Animation|0|0|3|Low
Alsonovando|6920|Blade|0|2|3|Low
Alsonovando|23237|Chuunibyou demo Koi ga Shitai! Ren Specials|6|1|3|Low
Alsonovando|15879|Chuunibyou demo Koi ga Shitai!: Depth of Field - Ai to Nikushimi Gekijou|6|1|3|Low
Alsonovando|29325|Ghost in the Shell: Arise - Alternative Architecture|0|2|3|Low
Alsonovando|7791|K-On!!|0|24|3|Low
Alsonovando|30016|Nanbaka|0|0|3|Low
Alsonovando|15119|Senran Kagura|0|3|3|Low
Alsonovando|33433|Shuumatsu no Izetta|0|0|3|Low
Alsonovando|33775|Soul Buster|0|0|3|Low
Alsonovando|27891|Sword Art Online II: Debriefing|0|0|3|Low
Alsonovando|33023|Touken Ranbu: Hanamaru|0|0|3|Low
Alsonovando|33377|"Trickster: Edogawa Ranpo ""Shounen Tanteidan"" yori"|0|0|3|Low
Alsonovando|32899|Watashi ga Motete Dousunda|0|0|3|Low
Alsonovando|33253|Ajin 2nd Season|0|0|4|Low
Alsonovando|33462|Bernard-jou Iwaku.|0|0|4|Low
Alsonovando|33712|Bikini Warriors OVA|0|0|4|Low
Alsonovando|33985|Bloodivores|0|0|4|Low
Alsonovando|32866|Brave Witches|0|0|4|Low
Alsonovando|32867|Bungou Stray Dogs 2nd Season|0|0|4|Low
Alsonovando|33771|Cheating Craft|0|0|4|Low
Alsonovando|31339|Drifters|0|0|4|Low
Alsonovando|32979|Flip Flappers|0|0|4|Low
Alsonovando|32948|Fune wo Amu|0|0|4|Low
Alsonovando|32607|Gi(a)rlish Number|0|0|4|Low
Alsonovando|32686|Keijo!!!!!!!!|0|0|4|Low
Alsonovando|33244|Kiitarou Shounen no Youkai Enikki|0|0|4|Low
Alsonovando|33003|Mahou Shoujo Ikusei Keikaku|0|0|4|Low
Alsonovando|10721|Mawaru Penguindrum|0|0|4|Low
Alsonovando|35180|3-gatsu no Lion 2nd Season|0|0|6|Low
Alsonovando|30868|Ajin Part 1: Shoudou|0|0|6|Low
Alsonovando|30869|Ajin Part 2: Shoutotsu|0|0|6|Low
Alsonovando|30870|Ajin Part 3: Shougeki|0|0|6|Low
Alsonovando|31483|Akagami no Shirayuki-hime: Nandemonai Takaramono, Kono Page|0|0|6|Low
Alsonovando|26449|Akame ga Kill! Recap|0|0|6|Low
Alsonovando|33818|Amanchu!: Yakusoku no Natsu to Atarashii Omoide no Koto|0|0|6|Low
Alsonovando|33513|Ansatsu Kyoushitsu: 365-nichi no Jikan|0|0|6|Low
Alsonovando|31283|Bikini Warriors Special|0|0|6|Low
Alsonovando|34572|Black Clover|0|0|6|Low
Alsonovando|34618|Blend S|0|0|6|Low
Alsonovando|34751|Blood Lad: Kanketsu Kinen|0|0|6|Low
Alsonovando|35712|Boku no Kanojo ga Majimesugiru Sho-bitch na Ken|0|0|6|Low
Alsonovando|10719|Boku wa Tomodachi ga Sukunai|0|0|6|Low
Alsonovando|34644|Brave Witches: Petersburg Daisenryaku|0|0|6|Low
Alsonovando|34944|Bungou Stray Dogs: Dead Apple|0|0|6|Low
Alsonovando|33071|Bungou Stray Dogs: Hitori Ayumu|0|0|6|Low
Alsonovando|35314|"Busou Shoujo Machiavellianism: Doki! ""Goken-darake"" no Ian Ryokou"|0|0|6|Low
Alsonovando|16157|Choujigen Game Neptune The Animation|0|0|6|Low
Alsonovando|20479|Choujigen Game Neptune The Animation: Yakusoku no Eien - True End|0|0|6|Low
Alsonovando|35608|Chuunibyou demo Koi ga Shitai! Movie: Take On Me|0|0|6|Low
Alsonovando|34382|Citrus|0|0|6|Low
Alsonovando|36049|Dagashi Kashi 2|0|0|6|Low
Alsonovando|35849|Darling in the FranXX|0|0|6|Low
Alsonovando|24655|Date A Live Movie: Mayuri Judgment|0|0|6|Low
Alsonovando|34497|Death March kara Hajimaru Isekai Kyousoukyoku|0|0|6|Low
Alsonovando|10638|Denpa Onna to Seishun Otoko: Mayonaka no Taiyou|0|0|6|Low
Alsonovando|32271|Dies Irae|0|0|6|Low
Alsonovando|33069|Dimension W Special|0|0|6|Low
Alsonovando|36480|Drifters (OVA)|0|0|6|Low
Alsonovando|32801|Dungeon ni Deai wo Motomeru no wa Machigatteiru Darou ka OVA|0|0|6|Low
Alsonovando|24765|Gakkougurashi!|0|0|6|Low
Alsonovando|17651|Genei wo Kakeru Taiyou|0|0|6|Low
Alsonovando|20187|Genei wo Kakeru Taiyou: Fumikomenai Kokoro|0|0|6|Low
Alsonovando|35757|Gin no Guardian 2nd Season|0|0|6|Low
Alsonovando|34279|Grancrest Senki|0|0|6|Low
Alsonovando|12419|Guilty Crown Kiseki: Reassortment|0|0|6|Low
Alsonovando|13561|Guilty Crown: 4-koma Gekijou|0|0|6|Low
Alsonovando|35237|Hajimete no Gal: Hajimete no Bunkasai|0|0|6|Low
Alsonovando|2026|Hayate no Gotoku!|0|0|6|Low
Alsonovando|10604|Hidan no Aria Special|0|0|6|Low
Alsonovando|35333|Hitori no Shita: The Outcast 2nd Season|0|0|6|Low
Alsonovando|35557|Houseki no Kuni|0|0|6|Low
Alsonovando|35413|Imouto sae Ireba Ii.|0|0|6|Low
Alsonovando|33129|Joker Game: Kuroneko Yoru no Bouken|0|0|6|Low
Alsonovando|35639|Just Because!|0|0|6|Low
Alsonovando|35076|Juuni Taisen|0|0|6|Low
Alsonovando|9617|K-On! Movie|0|0|6|Low
Alsonovando|10298|Kaichou wa Maid-sama!: Goshujinsama to Asonjao♥|0|1|6|Low
Alsonovando|35860|Karakai Jouzu no Takagi-san|0|0|6|Low
Alsonovando|33018|Katsugeki/Touken Ranbu|0|0|6|Low
Alsonovando|34626|Kono Subarashii Sekai ni Shukufuku wo! 2: Kono Subarashii Geijutsu ni Shukufuku wo!|0|0|6|Low
Alsonovando|32380|Kono Subarashii Sekai ni Shukufuku wo! OVA|10|0|6|Low
Alsonovando|35241|Konohana Kitan|0|0|6|Low
Alsonovando|33511|Koro-sensei Q!|0|0|6|Low
Alsonovando|33519|Koutetsujou no Kabaneri Movie 1: Tsudou Hikari|0|0|6|Low
Alsonovando|33520|Koutetsujou no Kabaneri Movie 2: Moeru Inochi|0|0|6|Low
Alsonovando|34712|Kujira no Kora wa Sajou ni Utau|0|0|6|Low
Alsonovando|29301|Kurage no Shokudou|0|0|6|Low
Alsonovando|25283|Kuusen Madoushi Kouhosei no Kyoukan|0|0|6|Low
Alsonovando|33605|Ling Qi|0|0|6|Low
Alsonovando|14349|Little Witch Academia|0|0|6|Low
Alsonovando|19489|Little Witch Academia: Mahoujikake no Parade|0|0|6|Low
Alsonovando|32900|Mahouka Koukou no Rettousei Movie: Hoshi wo Yobu Shoujo|0|0|6|Low
Alsonovando|32902|Mahoutsukai no Yome: Hoshi Matsu Hito|0|0|6|Low
Alsonovando|35997|Märchen Mädchen|0|0|6|Low
Alsonovando|4087|Michiko to Hatchin|0|0|6|Low
Alsonovando|12503|Mirai Nikki (TV): Ura Mirai Nikki|0|0|6|Low
Alsonovando|9181|Motto To LOVE-Ru|0|0|6|Low
Alsonovando|33075|Musaigen no Phantom World: Mizutama no Kiseki|0|0|6|Low
Alsonovando|34414|Nanbaka 2|0|0|6|Low
Alsonovando|34533|Nanbaka: Shusseki Bangou no Tsuita Baka-tachi!|0|0|6|Low
Alsonovando|36038|Net-juu no Susume|0|0|6|Low
Alsonovando|10165|Nichijou|0|0|6|Low
Alsonovando|24991|No Game No Life Specials|0|0|6|Low
Alsonovando|33674|No Game No Life: Zero|0|0|6|Low
Alsonovando|32566|Noblesse: Pamyeol-ui Sijak|0|0|6|Low
Alsonovando|11933|Oda Nobuna no Yabou|0|0|6|Low
Alsonovando|34134|One Punch Man 2|0|0|6|Low
Alsonovando|31772|One Punch Man Specials|0|0|6|Low
Alsonovando|15881|Oniichan dakedo Ai sae Areba Kankeinai yo ne! Specials|0|0|6|Low
Alsonovando|34136|Orange: Mirai|0|0|6|Low
Alsonovando|19845|Ore no Imouto ga Konnani Kawaii Wake ga Nai.: SD Chara ni Yoru Short Movie|0|0|6|Low
Alsonovando|10108|Ore no Imouto ga Konnani Kawaii Wake ga Nai: SD Chara ni Yoru Character Commentary|0|0|6|Low
Alsonovando|35484|Osake wa Fuufu ni Natte kara|0|0|6|Low
Alsonovando|35073|Overlord II|0|0|6|Low
Alsonovando|34161|Overlord Movie 1: Fushisha no Ou|0|0|6|Low
Alsonovando|34428|Overlord Movie 2: Shikkoku no Eiyuu|0|0|6|Low
Alsonovando|33372|Overlord: Ple Ple Pleiades (OVA)|0|0|6|Low
Alsonovando|31378|Owari no Seraph: Kyuuketsuki Shahar|0|0|6|Low
Alsonovando|16397|Photokano|0|0|6|Low
Alsonovando|32094|Reikenzan: Hoshikuzu-tachi no Utage|0|0|6|Low
Alsonovando|35466|ReLIFE: Kanketsu-hen|0|0|6|Low
Alsonovando|27967|Senran Kagura Estival Versus: Shoujo-tachi no Sentaku|0|0|6|Low
Alsonovando|17345|Senran Kagura Specials|0|0|6|Low
Alsonovando|33994|Servamp Specials|0|0|6|Low
Alsonovando|28069|Shigatsu wa Kimi no Uso: Moments|0|0|6|Low
Alsonovando|34642|Shingeki no Bahamut: Genesis - Short Story|0|0|6|Low
Alsonovando|31537|Shingeki no Bahamut: Manaria Friends|0|0|6|Low
Alsonovando|23775|Shingeki no Kyojin Movie 1: Guren no Yumiya|0|0|6|Low
Alsonovando|23777|Shingeki no Kyojin Movie 2: Jiyuu no Tsubasa|0|0|6|Low
Alsonovando|19391|Shingeki no Kyojin Picture Drama|0|0|6|Low
Alsonovando|36702|Shingeki no Kyojin Season 2 Movie: Kakusei no Houkou|0|0|6|Low
Alsonovando|35760|Shingeki no Kyojin Season 3|0|0|6|Low
Alsonovando|36106|Shingeki no Kyojin: Lost Girls|0|0|6|Low
Alsonovando|30365|Shinmai Maou no Testament Burst: Toujou Basara no Shigoku Heiwa na Nichijou|0|0|6|Low
Alsonovando|36688|Shinmai Maou no Testament Departures|0|0|6|Low
Alsonovando|30464|Shinmai Maou no Testament Specials|0|0|6|Low
Alsonovando|35838|Shoujo Shuumatsu Ryokou|0|0|6|Low
Alsonovando|31867|Shoujo-tachi wa Kouya wo Mezasu: Iubeki Monokashira|0|0|6|Low
Alsonovando|31765|Sword Art Online Movie: Ordinal Scale|0|0|6|Low
Alsonovando|20021|Sword Art Online: Extra Edition|0|0|6|Low
Alsonovando|16099|Sword Art Online: Sword Art Offline|0|0|6|Low
Alsonovando|21879|Sword Art Online: Sword Art Offline - Extra Edition|0|0|6|Low
Alsonovando|19021|Takanashi Rikka Kai: Chuunibyou demo Koi ga Shitai! Movie|0|0|6|Low
Alsonovando|22859|Takanashi Rikka Kai: Chuunibyou demo Koi ga Shitai! Movie Lite|0|0|6|Low
Alsonovando|36108|Takunomi.|0|0|6|Low
Alsonovando|24459|Tales of Zestiria: Doushi no Yoake|0|0|6|Low
Alsonovando|9941|Tiger & Bunny|0|0|6|Low
Alsonovando|12015|Tiger & Bunny Movie 1: The Beginning|0|0|6|Low
Alsonovando|12017|Tiger & Bunny Movie 2: The Rising|0|0|6|Low
Alsonovando|11099|Tiger & Bunny Pilot|0|0|6|Low
Alsonovando|35589|Toji no Miko|0|0|6|Low
Alsonovando|23405|Tokyo Ravens: Kon ga Oshiete Moshi Agemasu! Maru Wakari Tokyo Ravens|0|0|6|Low
Alsonovando|6127|Toradora!: SOS!|0|0|6|Low
Alsonovando|10294|Towa no Quon 1: Utakata no Kaben|0|0|6|Low
Alsonovando|10713|Towa no Quon 2: Konton no Ranbu|0|0|6|Low
Alsonovando|10714|Towa no Quon 3: Mugen no Renza|0|0|6|Low
Alsonovando|10715|Towa no Quon 4: Guren no Shoushin|0|0|6|Low
Alsonovando|10716|Towa no Quon 5: Souzetsu no Raifuku|0|0|6|Low
Alsonovando|10717|Towa no Quon 6: Towa no Quon|0|0|6|Low
Alsonovando|34197|"Trickster: Edogawa Ranpo ""Shounen Tanteidan"" yori OVA"|0|0|6|Low
Alsonovando|17909|Uchouten Kazoku|0|0|6|Low
Alsonovando|35231|Vatican Kiseki Chousakan OVA|0|0|6|Low
Alsonovando|33352|Violet Evergarden|0|0|6|Low
Alsonovando|32084|Watashitachi, Luck Logic-bu!|0|0|6|Low
Alsonovando|33776|Watashitachi, Luck Logic-bu! 2|0|0|6|Low
Alsonovando|33161|Yahari Ore no Seishun Love Comedy wa Machigatteiru. Zoku OVA|0|0|6|Low
Alsonovando|34742|Youjo Shenki|0|0|6|Low
Alsonovando|34723|Youjo Shenki Episode 0|0|0|6|Low
Alsonovando|30813|Youkoso Jitsuryoku Shijou Shugi no Kyoushitsu e PV|0|0|6|Low
Alsonovando|31245|Zutto Mae kara Suki deshita.: Kokuhaku Jikkou Iinkai|0|0|6|Low
